jurisdiccion,fecha,empresas
Buenos Aires,2015-01-01,172726
Buenos Aires,2015-02-01,174377
Buenos Aires,2015-03-01,173899
Buenos Aires,2015-04-01,171754
Buenos Aires,2015-05-01,171286
Buenos Aires,2015-06-01,171315
Buenos Aires,2015-07-01,171513
Buenos Aires,2015-08-01,171689
Buenos Aires,2015-09-01,171869
Buenos Aires,2015-10-01,172396
Buenos Aires,2015-11-01,173112
Buenos Aires,2015-12-01,172962
Buenos Aires,2016-01-01,173678
Buenos Aires,2016-02-01,175356
Buenos Aires,2016-03-01,174821
Buenos Aires,2016-04-01,172845
Buenos Aires,2016-05-01,172012
Buenos Aires,2016-06-01,171914
Buenos Aires,2016-07-01,171594
Buenos Aires,2016-08-01,171768
Buenos Aires,2016-09-01,172370
Buenos Aires,2016-10-01,172590
Buenos Aires,2016-11-01,172978
Buenos Aires,2016-12-01,172739
Buenos Aires,2017-01-01,173346
Buenos Aires,2017-02-01,175118
Buenos Aires,2017-03-01,174231
Buenos Aires,2017-04-01,172257
Buenos Aires,2017-05-01,172473
Buenos Aires,2017-06-01,172408
Buenos Aires,2017-07-01,172102
Buenos Aires,2017-08-01,172426
Buenos Aires,2017-09-01,172366
Buenos Aires,2017-10-01,172873
Buenos Aires,2017-11-01,173235
Buenos Aires,2017-12-01,173409
Buenos Aires,2018-01-01,173413
Buenos Aires,2018-02-01,174628
Buenos Aires,2018-03-01,174065
Buenos Aires,2018-04-01,172250
Buenos Aires,2018-05-01,171240
Buenos Aires,2018-06-01,170304
Buenos Aires,2018-07-01,169983
Buenos Aires,2018-08-01,169918
Buenos Aires,2018-09-01,170020
Buenos Aires,2018-10-01,169659
Buenos Aires,2018-11-01,169621
Buenos Aires,2018-12-01,168967
Buenos Aires,2019-01-01,169006
Buenos Aires,2019-02-01,170511
Buenos Aires,2019-03-01,169956
Buenos Aires,2019-04-01,167510
Buenos Aires,2019-05-01,166613
Buenos Aires,2019-06-01,166002
Buenos Aires,2019-07-01,165300
Buenos Aires,2019-08-01,165283
Buenos Aires,2019-09-01,165576
Buenos Aires,2019-10-01,165596
Buenos Aires,2019-11-01,165452
Buenos Aires,2019-12-01,164933
Buenos Aires,2020-01-01,165316
Buenos Aires,2020-02-01,166320
Buenos Aires,2020-03-01,165865
Buenos Aires,2020-04-01,163853
Buenos Aires,2020-05-01,162363
Buenos Aires,2020-06-01,161835
Buenos Aires,2020-07-01,161329
Buenos Aires,2020-08-01,160549
Buenos Aires,2020-09-01,160400
Buenos Aires,2020-10-01,160517
Buenos Aires,2020-11-01,160139
Buenos Aires,2020-12-01,159764
Buenos Aires,2021-01-01,160093
Buenos Aires,2021-02-01,160644
Buenos Aires,2021-03-01,160562
Buenos Aires,2021-04-01,160020
Buenos Aires,2021-05-01,159688
Buenos Aires,2021-06-01,159161
Buenos Aires,2021-07-01,158814
Buenos Aires,2021-08-01,158770
Buenos Aires,2021-09-01,158336
Buenos Aires,2021-10-01,159247
Buenos Aires,2021-11-01,159445
Buenos Aires,2021-12-01,159634
Buenos Aires,2022-01-01,160723
Buenos Aires,2022-02-01,162093
Buenos Aires,2022-03-01,162269
Buenos Aires,2022-04-01,161334
Buenos Aires,2022-05-01,161488
Buenos Aires,2022-06-01,162135
Buenos Aires,2022-07-01,162593
Buenos Aires,2022-08-01,163317
Buenos Aires,2022-09-01,164231
Buenos Aires,2022-10-01,163310
Buenos Aires,2022-11-01,164056
Buenos Aires,2022-12-01,164818
Buenos Aires,2023-01-01,166195
Buenos Aires,2023-02-01,167717
Buenos Aires,2023-03-01,167815
Buenos Aires,2023-04-01,166990
Buenos Aires,2023-05-01,166948
Buenos Aires,2023-06-01,167097
Buenos Aires,2023-07-01,167523
Buenos Aires,2023-08-01,167563
Buenos Aires,2023-09-01,167752
Buenos Aires,2023-10-01,168076
Buenos Aires,2023-11-01,168236
Buenos Aires,2023-12-01,168653
Buenos Aires,2024-01-01,169240
Buenos Aires,2024-02-01,169752
Buenos Aires,2024-03-01,169239
Buenos Aires,2024-04-01,167106
Buenos Aires,2024-05-01,166291
Buenos Aires,2024-06-01,165831
Buenos Aires,2024-07-01,165299
Buenos Aires,2024-08-01,165249
Buenos Aires,2024-09-01,165482
Buenos Aires,2024-10-01,165464
Buenos Aires,2024-11-01,165596
Buenos Aires,2024-12-01,165714
Buenos Aires,2025-01-01,166270
Buenos Aires,2025-02-01,167372
Buenos Aires,2025-03-01,166895
Buenos Aires,2025-04-01,165322
Buenos Aires,2025-05-01,164894
Buenos Aires,2025-06-01,164560
Buenos Aires,2025-07-01,164109
Buenos Aires,2025-08-01,163868
Buenos Aires,2025-09-01,163628
Buenos Aires,2025-10-01,163225
Buenos Aires,2025-11-01,162903
Buenos Aires,2025-12-01,162732
Buenos Aires,2026-01-01,162433
Buenos Aires,2026-02-01,163286
Buenos Aires,2026-03-01,162529
C.A.B.A.,2015-01-01,128610
C.A.B.A.,2015-02-01,128015
C.A.B.A.,2015-03-01,128001
C.A.B.A.,2015-04-01,128133
C.A.B.A.,2015-05-01,128286
C.A.B.A.,2015-06-01,128426
C.A.B.A.,2015-07-01,128642
C.A.B.A.,2015-08-01,128982
C.A.B.A.,2015-09-01,129228
C.A.B.A.,2015-10-01,129536
C.A.B.A.,2015-11-01,129829
C.A.B.A.,2015-12-01,129796
C.A.B.A.,2016-01-01,129758
C.A.B.A.,2016-02-01,129190
C.A.B.A.,2016-03-01,129027
C.A.B.A.,2016-04-01,129181
C.A.B.A.,2016-05-01,128902
C.A.B.A.,2016-06-01,128964
C.A.B.A.,2016-07-01,128679
C.A.B.A.,2016-08-01,128830
C.A.B.A.,2016-09-01,129179
C.A.B.A.,2016-10-01,129289
C.A.B.A.,2016-11-01,129298
C.A.B.A.,2016-12-01,128968
C.A.B.A.,2017-01-01,128974
C.A.B.A.,2017-02-01,128457
C.A.B.A.,2017-03-01,128132
C.A.B.A.,2017-04-01,128226
C.A.B.A.,2017-05-01,128100
C.A.B.A.,2017-06-01,128333
C.A.B.A.,2017-07-01,128023
C.A.B.A.,2017-08-01,128289
C.A.B.A.,2017-09-01,128620
C.A.B.A.,2017-10-01,128973
C.A.B.A.,2017-11-01,129136
C.A.B.A.,2017-12-01,129164
C.A.B.A.,2018-01-01,128639
C.A.B.A.,2018-02-01,128071
C.A.B.A.,2018-03-01,127902
C.A.B.A.,2018-04-01,128028
C.A.B.A.,2018-05-01,127693
C.A.B.A.,2018-06-01,127389
C.A.B.A.,2018-07-01,127344
C.A.B.A.,2018-08-01,127509
C.A.B.A.,2018-09-01,127551
C.A.B.A.,2018-10-01,127399
C.A.B.A.,2018-11-01,127309
C.A.B.A.,2018-12-01,126983
C.A.B.A.,2019-01-01,126751
C.A.B.A.,2019-02-01,126257
C.A.B.A.,2019-03-01,126060
C.A.B.A.,2019-04-01,125594
C.A.B.A.,2019-05-01,125459
C.A.B.A.,2019-06-01,125411
C.A.B.A.,2019-07-01,125003
C.A.B.A.,2019-08-01,125034
C.A.B.A.,2019-09-01,125293
C.A.B.A.,2019-10-01,125250
C.A.B.A.,2019-11-01,124953
C.A.B.A.,2019-12-01,124425
C.A.B.A.,2020-01-01,124443
C.A.B.A.,2020-02-01,123824
C.A.B.A.,2020-03-01,123630
C.A.B.A.,2020-04-01,123420
C.A.B.A.,2020-05-01,122616
C.A.B.A.,2020-06-01,122150
C.A.B.A.,2020-07-01,121720
C.A.B.A.,2020-08-01,120802
C.A.B.A.,2020-09-01,120685
C.A.B.A.,2020-10-01,120569
C.A.B.A.,2020-11-01,120233
C.A.B.A.,2020-12-01,119843
C.A.B.A.,2021-01-01,119661
C.A.B.A.,2021-02-01,118913
C.A.B.A.,2021-03-01,118836
C.A.B.A.,2021-04-01,119011
C.A.B.A.,2021-05-01,118904
C.A.B.A.,2021-06-01,118449
C.A.B.A.,2021-07-01,118149
C.A.B.A.,2021-08-01,118110
C.A.B.A.,2021-09-01,117560
C.A.B.A.,2021-10-01,118267
C.A.B.A.,2021-11-01,118353
C.A.B.A.,2021-12-01,118334
C.A.B.A.,2022-01-01,118559
C.A.B.A.,2022-02-01,118362
C.A.B.A.,2022-03-01,118502
C.A.B.A.,2022-04-01,118764
C.A.B.A.,2022-05-01,118875
C.A.B.A.,2022-06-01,119043
C.A.B.A.,2022-07-01,119306
C.A.B.A.,2022-08-01,119670
C.A.B.A.,2022-09-01,120238
C.A.B.A.,2022-10-01,121443
C.A.B.A.,2022-11-01,121818
C.A.B.A.,2022-12-01,121656
C.A.B.A.,2023-01-01,122201
C.A.B.A.,2023-02-01,121852
C.A.B.A.,2023-03-01,121988
C.A.B.A.,2023-04-01,121335
C.A.B.A.,2023-05-01,121228
C.A.B.A.,2023-06-01,121269
C.A.B.A.,2023-07-01,121593
C.A.B.A.,2023-08-01,121705
C.A.B.A.,2023-09-01,121516
C.A.B.A.,2023-10-01,122075
C.A.B.A.,2023-11-01,122155
C.A.B.A.,2023-12-01,122516
C.A.B.A.,2024-01-01,122654
C.A.B.A.,2024-02-01,122339
C.A.B.A.,2024-03-01,122353
C.A.B.A.,2024-04-01,122038
C.A.B.A.,2024-05-01,121794
C.A.B.A.,2024-06-01,121774
C.A.B.A.,2024-07-01,121420
C.A.B.A.,2024-08-01,121511
C.A.B.A.,2024-09-01,121623
C.A.B.A.,2024-10-01,121486
C.A.B.A.,2024-11-01,121388
C.A.B.A.,2024-12-01,121045
C.A.B.A.,2025-01-01,121410
C.A.B.A.,2025-02-01,121032
C.A.B.A.,2025-03-01,120721
C.A.B.A.,2025-04-01,120629
C.A.B.A.,2025-05-01,120599
C.A.B.A.,2025-06-01,120506
C.A.B.A.,2025-07-01,120306
C.A.B.A.,2025-08-01,120246
C.A.B.A.,2025-09-01,120390
C.A.B.A.,2025-10-01,120354
C.A.B.A.,2025-11-01,120330
C.A.B.A.,2025-12-01,120181
C.A.B.A.,2026-01-01,119673
C.A.B.A.,2026-02-01,119536
C.A.B.A.,2026-03-01,119133
Catamarca,2015-01-01,2797
Catamarca,2015-02-01,2778
Catamarca,2015-03-01,2796
Catamarca,2015-04-01,2820
Catamarca,2015-05-01,2811
Catamarca,2015-06-01,2802
Catamarca,2015-07-01,2813
Catamarca,2015-08-01,2799
Catamarca,2015-09-01,2815
Catamarca,2015-10-01,2815
Catamarca,2015-11-01,2869
Catamarca,2015-12-01,2865
Catamarca,2016-01-01,2855
Catamarca,2016-02-01,2827
Catamarca,2016-03-01,2828
Catamarca,2016-04-01,2827
Catamarca,2016-05-01,2797
Catamarca,2016-06-01,2782
Catamarca,2016-07-01,2776
Catamarca,2016-08-01,2787
Catamarca,2016-09-01,2793
Catamarca,2016-10-01,2795
Catamarca,2016-11-01,2802
Catamarca,2016-12-01,2788
Catamarca,2017-01-01,2780
Catamarca,2017-02-01,2792
Catamarca,2017-03-01,2774
Catamarca,2017-04-01,2771
Catamarca,2017-05-01,3302
Catamarca,2017-06-01,3084
Catamarca,2017-07-01,3056
Catamarca,2017-08-01,3052
Catamarca,2017-09-01,3061
Catamarca,2017-10-01,3061
Catamarca,2017-11-01,3061
Catamarca,2017-12-01,3046
Catamarca,2018-01-01,3001
Catamarca,2018-02-01,2960
Catamarca,2018-03-01,2956
Catamarca,2018-04-01,2958
Catamarca,2018-05-01,2934
Catamarca,2018-06-01,2921
Catamarca,2018-07-01,2895
Catamarca,2018-08-01,2913
Catamarca,2018-09-01,2928
Catamarca,2018-10-01,2909
Catamarca,2018-11-01,2921
Catamarca,2018-12-01,2899
Catamarca,2019-01-01,2858
Catamarca,2019-02-01,2826
Catamarca,2019-03-01,2817
Catamarca,2019-04-01,2777
Catamarca,2019-05-01,2787
Catamarca,2019-06-01,2768
Catamarca,2019-07-01,2760
Catamarca,2019-08-01,2750
Catamarca,2019-09-01,2750
Catamarca,2019-10-01,2777
Catamarca,2019-11-01,2746
Catamarca,2019-12-01,2745
Catamarca,2020-01-01,2740
Catamarca,2020-02-01,2693
Catamarca,2020-03-01,2689
Catamarca,2020-04-01,2717
Catamarca,2020-05-01,2690
Catamarca,2020-06-01,2692
Catamarca,2020-07-01,2685
Catamarca,2020-08-01,2682
Catamarca,2020-09-01,2678
Catamarca,2020-10-01,2684
Catamarca,2020-11-01,2711
Catamarca,2020-12-01,2718
Catamarca,2021-01-01,2712
Catamarca,2021-02-01,2695
Catamarca,2021-03-01,2710
Catamarca,2021-04-01,2716
Catamarca,2021-05-01,2717
Catamarca,2021-06-01,2718
Catamarca,2021-07-01,2708
Catamarca,2021-08-01,2723
Catamarca,2021-09-01,2733
Catamarca,2021-10-01,2750
Catamarca,2021-11-01,2769
Catamarca,2021-12-01,2762
Catamarca,2022-01-01,2768
Catamarca,2022-02-01,2748
Catamarca,2022-03-01,2762
Catamarca,2022-04-01,2797
Catamarca,2022-05-01,2811
Catamarca,2022-06-01,2813
Catamarca,2022-07-01,2850
Catamarca,2022-08-01,2883
Catamarca,2022-09-01,2912
Catamarca,2022-10-01,2961
Catamarca,2022-11-01,2965
Catamarca,2022-12-01,3014
Catamarca,2023-01-01,3055
Catamarca,2023-02-01,3089
Catamarca,2023-03-01,3128
Catamarca,2023-04-01,3154
Catamarca,2023-05-01,3149
Catamarca,2023-06-01,3198
Catamarca,2023-07-01,3253
Catamarca,2023-08-01,3277
Catamarca,2023-09-01,3336
Catamarca,2023-10-01,3384
Catamarca,2023-11-01,3335
Catamarca,2023-12-01,3300
Catamarca,2024-01-01,3282
Catamarca,2024-02-01,3183
Catamarca,2024-03-01,3135
Catamarca,2024-04-01,3112
Catamarca,2024-05-01,3097
Catamarca,2024-06-01,3085
Catamarca,2024-07-01,3053
Catamarca,2024-08-01,3073
Catamarca,2024-09-01,3087
Catamarca,2024-10-01,3080
Catamarca,2024-11-01,3072
Catamarca,2024-12-01,3076
Catamarca,2025-01-01,3074
Catamarca,2025-02-01,3055
Catamarca,2025-03-01,3067
Catamarca,2025-04-01,3081
Catamarca,2025-05-01,3105
Catamarca,2025-06-01,3102
Catamarca,2025-07-01,3047
Catamarca,2025-08-01,3023
Catamarca,2025-09-01,3016
Catamarca,2025-10-01,2982
Catamarca,2025-11-01,2965
Catamarca,2025-12-01,2942
Catamarca,2026-01-01,2951
Catamarca,2026-02-01,2908
Catamarca,2026-03-01,2911
Chaco,2015-01-01,8231
Chaco,2015-02-01,8181
Chaco,2015-03-01,8178
Chaco,2015-04-01,8191
Chaco,2015-05-01,8224
Chaco,2015-06-01,8237
Chaco,2015-07-01,8257
Chaco,2015-08-01,8289
Chaco,2015-09-01,8319
Chaco,2015-10-01,8327
Chaco,2015-11-01,8320
Chaco,2015-12-01,8297
Chaco,2016-01-01,8299
Chaco,2016-02-01,8247
Chaco,2016-03-01,8265
Chaco,2016-04-01,8274
Chaco,2016-05-01,8276
Chaco,2016-06-01,8299
Chaco,2016-07-01,8290
Chaco,2016-08-01,8286
Chaco,2016-09-01,8320
Chaco,2016-10-01,8319
Chaco,2016-11-01,8341
Chaco,2016-12-01,8339
Chaco,2017-01-01,8361
Chaco,2017-02-01,8362
Chaco,2017-03-01,8358
Chaco,2017-04-01,8340
Chaco,2017-05-01,8283
Chaco,2017-06-01,8321
Chaco,2017-07-01,8298
Chaco,2017-08-01,8348
Chaco,2017-09-01,8382
Chaco,2017-10-01,8433
Chaco,2017-11-01,8445
Chaco,2017-12-01,8471
Chaco,2018-01-01,8439
Chaco,2018-02-01,8415
Chaco,2018-03-01,8407
Chaco,2018-04-01,8401
Chaco,2018-05-01,8417
Chaco,2018-06-01,8389
Chaco,2018-07-01,8381
Chaco,2018-08-01,8400
Chaco,2018-09-01,8376
Chaco,2018-10-01,8334
Chaco,2018-11-01,8334
Chaco,2018-12-01,8308
Chaco,2019-01-01,8252
Chaco,2019-02-01,8194
Chaco,2019-03-01,8178
Chaco,2019-04-01,8136
Chaco,2019-05-01,8129
Chaco,2019-06-01,8095
Chaco,2019-07-01,8064
Chaco,2019-08-01,8088
Chaco,2019-09-01,8100
Chaco,2019-10-01,8111
Chaco,2019-11-01,8117
Chaco,2019-12-01,8080
Chaco,2020-01-01,8058
Chaco,2020-02-01,7974
Chaco,2020-03-01,7972
Chaco,2020-04-01,7977
Chaco,2020-05-01,7933
Chaco,2020-06-01,7940
Chaco,2020-07-01,7930
Chaco,2020-08-01,7917
Chaco,2020-09-01,7923
Chaco,2020-10-01,7943
Chaco,2020-11-01,7941
Chaco,2020-12-01,7891
Chaco,2021-01-01,7901
Chaco,2021-02-01,7857
Chaco,2021-03-01,7884
Chaco,2021-04-01,7888
Chaco,2021-05-01,7904
Chaco,2021-06-01,7902
Chaco,2021-07-01,7904
Chaco,2021-08-01,7878
Chaco,2021-09-01,7875
Chaco,2021-10-01,7917
Chaco,2021-11-01,7935
Chaco,2021-12-01,7949
Chaco,2022-01-01,8008
Chaco,2022-02-01,8003
Chaco,2022-03-01,8018
Chaco,2022-04-01,8050
Chaco,2022-05-01,8103
Chaco,2022-06-01,8155
Chaco,2022-07-01,8167
Chaco,2022-08-01,8196
Chaco,2022-09-01,8228
Chaco,2022-10-01,8307
Chaco,2022-11-01,8365
Chaco,2022-12-01,8410
Chaco,2023-01-01,8545
Chaco,2023-02-01,8523
Chaco,2023-03-01,8559
Chaco,2023-04-01,8595
Chaco,2023-05-01,8653
Chaco,2023-06-01,8727
Chaco,2023-07-01,8818
Chaco,2023-08-01,8857
Chaco,2023-09-01,8949
Chaco,2023-10-01,9022
Chaco,2023-11-01,8914
Chaco,2023-12-01,8933
Chaco,2024-01-01,8906
Chaco,2024-02-01,8750
Chaco,2024-03-01,8619
Chaco,2024-04-01,8509
Chaco,2024-05-01,8452
Chaco,2024-06-01,8416
Chaco,2024-07-01,8392
Chaco,2024-08-01,8390
Chaco,2024-09-01,8420
Chaco,2024-10-01,8426
Chaco,2024-11-01,8427
Chaco,2024-12-01,8398
Chaco,2025-01-01,8409
Chaco,2025-02-01,8310
Chaco,2025-03-01,8311
Chaco,2025-04-01,8287
Chaco,2025-05-01,8284
Chaco,2025-06-01,8232
Chaco,2025-07-01,8178
Chaco,2025-08-01,8136
Chaco,2025-09-01,8081
Chaco,2025-10-01,8070
Chaco,2025-11-01,8021
Chaco,2025-12-01,7981
Chaco,2026-01-01,7940
Chaco,2026-02-01,7907
Chaco,2026-03-01,7884
Chubut,2015-01-01,7980
Chubut,2015-02-01,7996
Chubut,2015-03-01,7996
Chubut,2015-04-01,8011
Chubut,2015-05-01,8012
Chubut,2015-06-01,8003
Chubut,2015-07-01,8003
Chubut,2015-08-01,8027
Chubut,2015-09-01,8040
Chubut,2015-10-01,8122
Chubut,2015-11-01,8158
Chubut,2015-12-01,8138
Chubut,2016-01-01,8119
Chubut,2016-02-01,8081
Chubut,2016-03-01,8044
Chubut,2016-04-01,8028
Chubut,2016-05-01,7986
Chubut,2016-06-01,7977
Chubut,2016-07-01,7974
Chubut,2016-08-01,8001
Chubut,2016-09-01,8037
Chubut,2016-10-01,8070
Chubut,2016-11-01,8096
Chubut,2016-12-01,8099
Chubut,2017-01-01,8088
Chubut,2017-02-01,8060
Chubut,2017-03-01,8035
Chubut,2017-04-01,7978
Chubut,2017-05-01,7926
Chubut,2017-06-01,7986
Chubut,2017-07-01,7981
Chubut,2017-08-01,7977
Chubut,2017-09-01,7948
Chubut,2017-10-01,8000
Chubut,2017-11-01,8033
Chubut,2017-12-01,8067
Chubut,2018-01-01,8012
Chubut,2018-02-01,7996
Chubut,2018-03-01,7971
Chubut,2018-04-01,7947
Chubut,2018-05-01,7889
Chubut,2018-06-01,7880
Chubut,2018-07-01,7843
Chubut,2018-08-01,7848
Chubut,2018-09-01,7857
Chubut,2018-10-01,7862
Chubut,2018-11-01,7843
Chubut,2018-12-01,7841
Chubut,2019-01-01,7811
Chubut,2019-02-01,7769
Chubut,2019-03-01,7750
Chubut,2019-04-01,7708
Chubut,2019-05-01,7682
Chubut,2019-06-01,7660
Chubut,2019-07-01,7611
Chubut,2019-08-01,7630
Chubut,2019-09-01,7655
Chubut,2019-10-01,7659
Chubut,2019-11-01,7698
Chubut,2019-12-01,7664
Chubut,2020-01-01,7673
Chubut,2020-02-01,7645
Chubut,2020-03-01,7634
Chubut,2020-04-01,7621
Chubut,2020-05-01,7550
Chubut,2020-06-01,7538
Chubut,2020-07-01,7511
Chubut,2020-08-01,7481
Chubut,2020-09-01,7508
Chubut,2020-10-01,7559
Chubut,2020-11-01,7558
Chubut,2020-12-01,7529
Chubut,2021-01-01,7538
Chubut,2021-02-01,7487
Chubut,2021-03-01,7510
Chubut,2021-04-01,7508
Chubut,2021-05-01,7496
Chubut,2021-06-01,7480
Chubut,2021-07-01,7481
Chubut,2021-08-01,7501
Chubut,2021-09-01,7518
Chubut,2021-10-01,7597
Chubut,2021-11-01,7598
Chubut,2021-12-01,7641
Chubut,2022-01-01,7665
Chubut,2022-02-01,7653
Chubut,2022-03-01,7654
Chubut,2022-04-01,7684
Chubut,2022-05-01,7712
Chubut,2022-06-01,7706
Chubut,2022-07-01,7757
Chubut,2022-08-01,7823
Chubut,2022-09-01,7857
Chubut,2022-10-01,7886
Chubut,2022-11-01,7918
Chubut,2022-12-01,7944
Chubut,2023-01-01,7952
Chubut,2023-02-01,7931
Chubut,2023-03-01,7919
Chubut,2023-04-01,7899
Chubut,2023-05-01,7836
Chubut,2023-06-01,7757
Chubut,2023-07-01,7785
Chubut,2023-08-01,7798
Chubut,2023-09-01,7849
Chubut,2023-10-01,7835
Chubut,2023-11-01,7852
Chubut,2023-12-01,7854
Chubut,2024-01-01,7843
Chubut,2024-02-01,7812
Chubut,2024-03-01,7779
Chubut,2024-04-01,7780
Chubut,2024-05-01,7715
Chubut,2024-06-01,7698
Chubut,2024-07-01,7633
Chubut,2024-08-01,7667
Chubut,2024-09-01,7709
Chubut,2024-10-01,7691
Chubut,2024-11-01,7699
Chubut,2024-12-01,7690
Chubut,2025-01-01,7661
Chubut,2025-02-01,7589
Chubut,2025-03-01,7602
Chubut,2025-04-01,7610
Chubut,2025-05-01,7580
Chubut,2025-06-01,7561
Chubut,2025-07-01,7502
Chubut,2025-08-01,7478
Chubut,2025-09-01,7474
Chubut,2025-10-01,7450
Chubut,2025-11-01,7441
Chubut,2025-12-01,7398
Chubut,2026-01-01,7330
Chubut,2026-02-01,7293
Chubut,2026-03-01,7258
Corrientes,2015-01-01,8264
Corrientes,2015-02-01,8227
Corrientes,2015-03-01,8247
Corrientes,2015-04-01,8248
Corrientes,2015-05-01,8287
Corrientes,2015-06-01,8277
Corrientes,2015-07-01,8312
Corrientes,2015-08-01,8322
Corrientes,2015-09-01,8348
Corrientes,2015-10-01,8383
Corrientes,2015-11-01,8396
Corrientes,2015-12-01,8379
Corrientes,2016-01-01,8382
Corrientes,2016-02-01,8314
Corrientes,2016-03-01,8342
Corrientes,2016-04-01,8372
Corrientes,2016-05-01,8384
Corrientes,2016-06-01,8402
Corrientes,2016-07-01,8408
Corrientes,2016-08-01,8413
Corrientes,2016-09-01,8447
Corrientes,2016-10-01,8438
Corrientes,2016-11-01,8488
Corrientes,2016-12-01,8477
Corrientes,2017-01-01,8462
Corrientes,2017-02-01,8440
Corrientes,2017-03-01,8401
Corrientes,2017-04-01,8445
Corrientes,2017-05-01,8398
Corrientes,2017-06-01,8443
Corrientes,2017-07-01,8442
Corrientes,2017-08-01,8470
Corrientes,2017-09-01,8485
Corrientes,2017-10-01,8538
Corrientes,2017-11-01,8576
Corrientes,2017-12-01,8586
Corrientes,2018-01-01,8523
Corrientes,2018-02-01,8517
Corrientes,2018-03-01,8531
Corrientes,2018-04-01,8503
Corrientes,2018-05-01,8480
Corrientes,2018-06-01,8451
Corrientes,2018-07-01,8461
Corrientes,2018-08-01,8443
Corrientes,2018-09-01,8414
Corrientes,2018-10-01,8408
Corrientes,2018-11-01,8424
Corrientes,2018-12-01,8392
Corrientes,2019-01-01,8344
Corrientes,2019-02-01,8304
Corrientes,2019-03-01,8271
Corrientes,2019-04-01,8234
Corrientes,2019-05-01,8238
Corrientes,2019-06-01,8252
Corrientes,2019-07-01,8236
Corrientes,2019-08-01,8239
Corrientes,2019-09-01,8299
Corrientes,2019-10-01,8288
Corrientes,2019-11-01,8234
Corrientes,2019-12-01,8203
Corrientes,2020-01-01,8174
Corrientes,2020-02-01,8119
Corrientes,2020-03-01,8136
Corrientes,2020-04-01,8120
Corrientes,2020-05-01,8077
Corrientes,2020-06-01,8076
Corrientes,2020-07-01,8083
Corrientes,2020-08-01,8045
Corrientes,2020-09-01,8074
Corrientes,2020-10-01,8103
Corrientes,2020-11-01,8106
Corrientes,2020-12-01,8068
Corrientes,2021-01-01,8043
Corrientes,2021-02-01,8002
Corrientes,2021-03-01,8042
Corrientes,2021-04-01,8064
Corrientes,2021-05-01,8080
Corrientes,2021-06-01,8076
Corrientes,2021-07-01,8043
Corrientes,2021-08-01,8049
Corrientes,2021-09-01,8049
Corrientes,2021-10-01,8099
Corrientes,2021-11-01,8122
Corrientes,2021-12-01,8109
Corrientes,2022-01-01,8154
Corrientes,2022-02-01,8137
Corrientes,2022-03-01,8175
Corrientes,2022-04-01,8237
Corrientes,2022-05-01,8260
Corrientes,2022-06-01,8312
Corrientes,2022-07-01,8344
Corrientes,2022-08-01,8392
Corrientes,2022-09-01,8478
Corrientes,2022-10-01,8541
Corrientes,2022-11-01,8611
Corrientes,2022-12-01,8741
Corrientes,2023-01-01,8830
Corrientes,2023-02-01,8848
Corrientes,2023-03-01,8866
Corrientes,2023-04-01,8846
Corrientes,2023-05-01,8830
Corrientes,2023-06-01,8924
Corrientes,2023-07-01,8960
Corrientes,2023-08-01,8985
Corrientes,2023-09-01,8967
Corrientes,2023-10-01,8988
Corrientes,2023-11-01,8925
Corrientes,2023-12-01,8910
Corrientes,2024-01-01,8892
Corrientes,2024-02-01,8782
Corrientes,2024-03-01,8690
Corrientes,2024-04-01,8579
Corrientes,2024-05-01,8512
Corrientes,2024-06-01,8465
Corrientes,2024-07-01,8449
Corrientes,2024-08-01,8458
Corrientes,2024-09-01,8450
Corrientes,2024-10-01,8378
Corrientes,2024-11-01,8340
Corrientes,2024-12-01,8333
Corrientes,2025-01-01,8358
Corrientes,2025-02-01,8380
Corrientes,2025-03-01,8370
Corrientes,2025-04-01,8385
Corrientes,2025-05-01,8382
Corrientes,2025-06-01,8358
Corrientes,2025-07-01,8290
Corrientes,2025-08-01,8230
Corrientes,2025-09-01,8174
Corrientes,2025-10-01,8120
Corrientes,2025-11-01,8097
Corrientes,2025-12-01,8079
Corrientes,2026-01-01,8009
Corrientes,2026-02-01,7975
Corrientes,2026-03-01,7956
Córdoba,2015-01-01,53347
Córdoba,2015-02-01,53536
Córdoba,2015-03-01,53481
Córdoba,2015-04-01,52855
Córdoba,2015-05-01,53207
Córdoba,2015-06-01,53128
Córdoba,2015-07-01,53006
Córdoba,2015-08-01,53022
Córdoba,2015-09-01,52823
Córdoba,2015-10-01,52924
Córdoba,2015-11-01,53089
Córdoba,2015-12-01,53106
Córdoba,2016-01-01,53138
Córdoba,2016-02-01,53392
Córdoba,2016-03-01,53159
Córdoba,2016-04-01,52821
Córdoba,2016-05-01,52777
Córdoba,2016-06-01,52874
Córdoba,2016-07-01,52641
Córdoba,2016-08-01,52698
Córdoba,2016-09-01,52819
Córdoba,2016-10-01,52684
Córdoba,2016-11-01,52767
Córdoba,2016-12-01,52985
Córdoba,2017-01-01,53099
Córdoba,2017-02-01,53522
Córdoba,2017-03-01,53239
Córdoba,2017-04-01,52774
Córdoba,2017-05-01,52821
Córdoba,2017-06-01,53032
Córdoba,2017-07-01,52915
Córdoba,2017-08-01,53027
Córdoba,2017-09-01,53060
Córdoba,2017-10-01,53153
Córdoba,2017-11-01,53284
Córdoba,2017-12-01,53358
Córdoba,2018-01-01,53316
Córdoba,2018-02-01,53695
Córdoba,2018-03-01,53600
Córdoba,2018-04-01,53131
Córdoba,2018-05-01,53067
Córdoba,2018-06-01,52873
Córdoba,2018-07-01,52694
Córdoba,2018-08-01,52713
Córdoba,2018-09-01,52535
Córdoba,2018-10-01,52349
Córdoba,2018-11-01,52387
Córdoba,2018-12-01,52414
Córdoba,2019-01-01,52359
Córdoba,2019-02-01,52776
Córdoba,2019-03-01,52497
Córdoba,2019-04-01,51831
Córdoba,2019-05-01,52009
Córdoba,2019-06-01,51808
Córdoba,2019-07-01,51486
Córdoba,2019-08-01,51423
Córdoba,2019-09-01,51367
Córdoba,2019-10-01,51244
Córdoba,2019-11-01,51205
Córdoba,2019-12-01,51085
Córdoba,2020-01-01,51114
Córdoba,2020-02-01,51358
Córdoba,2020-03-01,51139
Córdoba,2020-04-01,50592
Córdoba,2020-05-01,50291
Córdoba,2020-06-01,50049
Córdoba,2020-07-01,49908
Córdoba,2020-08-01,49581
Córdoba,2020-09-01,49406
Córdoba,2020-10-01,49420
Córdoba,2020-11-01,49347
Córdoba,2020-12-01,49235
Córdoba,2021-01-01,49246
Córdoba,2021-02-01,49191
Córdoba,2021-03-01,49111
Córdoba,2021-04-01,49027
Córdoba,2021-05-01,49279
Córdoba,2021-06-01,49161
Córdoba,2021-07-01,49024
Córdoba,2021-08-01,49006
Córdoba,2021-09-01,48847
Córdoba,2021-10-01,49053
Córdoba,2021-11-01,49236
Córdoba,2021-12-01,49352
Córdoba,2022-01-01,49592
Córdoba,2022-02-01,49937
Córdoba,2022-03-01,49890
Córdoba,2022-04-01,49758
Córdoba,2022-05-01,50068
Córdoba,2022-06-01,50116
Córdoba,2022-07-01,50177
Córdoba,2022-08-01,50426
Córdoba,2022-09-01,50519
Córdoba,2022-10-01,50834
Córdoba,2022-11-01,51164
Córdoba,2022-12-01,51476
Córdoba,2023-01-01,51905
Córdoba,2023-02-01,52352
Córdoba,2023-03-01,52375
Córdoba,2023-04-01,52052
Córdoba,2023-05-01,52142
Córdoba,2023-06-01,52082
Córdoba,2023-07-01,52175
Córdoba,2023-08-01,52250
Córdoba,2023-09-01,52557
Córdoba,2023-10-01,52440
Córdoba,2023-11-01,52389
Córdoba,2023-12-01,52462
Córdoba,2024-01-01,52391
Córdoba,2024-02-01,52273
Córdoba,2024-03-01,51929
Córdoba,2024-04-01,51302
Córdoba,2024-05-01,51169
Córdoba,2024-06-01,50881
Córdoba,2024-07-01,50666
Córdoba,2024-08-01,50565
Córdoba,2024-09-01,50323
Córdoba,2024-10-01,50176
Córdoba,2024-11-01,50077
Córdoba,2024-12-01,50130
Córdoba,2025-01-01,50123
Córdoba,2025-02-01,50282
Córdoba,2025-03-01,50181
Córdoba,2025-04-01,50044
Córdoba,2025-05-01,50257
Córdoba,2025-06-01,50068
Córdoba,2025-07-01,49727
Córdoba,2025-08-01,49426
Córdoba,2025-09-01,49032
Córdoba,2025-10-01,48794
Córdoba,2025-11-01,48545
Córdoba,2025-12-01,48460
Córdoba,2026-01-01,48286
Córdoba,2026-02-01,48220
Córdoba,2026-03-01,47968
Entre Ríos,2015-01-01,17487
Entre Ríos,2015-02-01,17438
Entre Ríos,2015-03-01,17428
Entre Ríos,2015-04-01,17380
Entre Ríos,2015-05-01,17382
Entre Ríos,2015-06-01,17351
Entre Ríos,2015-07-01,17378
Entre Ríos,2015-08-01,17370
Entre Ríos,2015-09-01,17396
Entre Ríos,2015-10-01,17430
Entre Ríos,2015-11-01,17474
Entre Ríos,2015-12-01,17454
Entre Ríos,2016-01-01,17406
Entre Ríos,2016-02-01,17347
Entre Ríos,2016-03-01,17312
Entre Ríos,2016-04-01,17285
Entre Ríos,2016-05-01,17225
Entre Ríos,2016-06-01,17179
Entre Ríos,2016-07-01,17075
Entre Ríos,2016-08-01,17047
Entre Ríos,2016-09-01,17090
Entre Ríos,2016-10-01,17115
Entre Ríos,2016-11-01,17127
Entre Ríos,2016-12-01,17141
Entre Ríos,2017-01-01,17123
Entre Ríos,2017-02-01,17108
Entre Ríos,2017-03-01,17055
Entre Ríos,2017-04-01,17032
Entre Ríos,2017-05-01,16956
Entre Ríos,2017-06-01,17026
Entre Ríos,2017-07-01,16989
Entre Ríos,2017-08-01,17031
Entre Ríos,2017-09-01,17050
Entre Ríos,2017-10-01,17136
Entre Ríos,2017-11-01,17178
Entre Ríos,2017-12-01,17159
Entre Ríos,2018-01-01,17062
Entre Ríos,2018-02-01,17058
Entre Ríos,2018-03-01,17113
Entre Ríos,2018-04-01,17061
Entre Ríos,2018-05-01,17012
Entre Ríos,2018-06-01,16928
Entre Ríos,2018-07-01,16859
Entre Ríos,2018-08-01,16852
Entre Ríos,2018-09-01,16813
Entre Ríos,2018-10-01,16790
Entre Ríos,2018-11-01,16796
Entre Ríos,2018-12-01,16783
Entre Ríos,2019-01-01,16713
Entre Ríos,2019-02-01,16673
Entre Ríos,2019-03-01,16643
Entre Ríos,2019-04-01,16555
Entre Ríos,2019-05-01,16512
Entre Ríos,2019-06-01,16471
Entre Ríos,2019-07-01,16407
Entre Ríos,2019-08-01,16383
Entre Ríos,2019-09-01,16409
Entre Ríos,2019-10-01,16412
Entre Ríos,2019-11-01,16373
Entre Ríos,2019-12-01,16369
Entre Ríos,2020-01-01,16352
Entre Ríos,2020-02-01,16354
Entre Ríos,2020-03-01,16327
Entre Ríos,2020-04-01,16301
Entre Ríos,2020-05-01,16242
Entre Ríos,2020-06-01,16189
Entre Ríos,2020-07-01,16214
Entre Ríos,2020-08-01,16189
Entre Ríos,2020-09-01,16185
Entre Ríos,2020-10-01,16227
Entre Ríos,2020-11-01,16248
Entre Ríos,2020-12-01,16172
Entre Ríos,2021-01-01,16172
Entre Ríos,2021-02-01,16144
Entre Ríos,2021-03-01,16175
Entre Ríos,2021-04-01,16218
Entre Ríos,2021-05-01,16237
Entre Ríos,2021-06-01,16196
Entre Ríos,2021-07-01,16169
Entre Ríos,2021-08-01,16186
Entre Ríos,2021-09-01,16177
Entre Ríos,2021-10-01,16250
Entre Ríos,2021-11-01,16276
Entre Ríos,2021-12-01,16329
Entre Ríos,2022-01-01,16373
Entre Ríos,2022-02-01,16387
Entre Ríos,2022-03-01,16434
Entre Ríos,2022-04-01,16476
Entre Ríos,2022-05-01,16472
Entre Ríos,2022-06-01,16532
Entre Ríos,2022-07-01,16577
Entre Ríos,2022-08-01,16684
Entre Ríos,2022-09-01,16761
Entre Ríos,2022-10-01,16843
Entre Ríos,2022-11-01,16988
Entre Ríos,2022-12-01,17054
Entre Ríos,2023-01-01,17109
Entre Ríos,2023-02-01,17201
Entre Ríos,2023-03-01,17196
Entre Ríos,2023-04-01,17215
Entre Ríos,2023-05-01,17271
Entre Ríos,2023-06-01,17288
Entre Ríos,2023-07-01,17308
Entre Ríos,2023-08-01,17318
Entre Ríos,2023-09-01,17403
Entre Ríos,2023-10-01,17425
Entre Ríos,2023-11-01,17405
Entre Ríos,2023-12-01,17494
Entre Ríos,2024-01-01,17449
Entre Ríos,2024-02-01,17313
Entre Ríos,2024-03-01,17221
Entre Ríos,2024-04-01,17100
Entre Ríos,2024-05-01,17051
Entre Ríos,2024-06-01,16985
Entre Ríos,2024-07-01,16966
Entre Ríos,2024-08-01,16970
Entre Ríos,2024-09-01,16949
Entre Ríos,2024-10-01,16922
Entre Ríos,2024-11-01,16887
Entre Ríos,2024-12-01,16846
Entre Ríos,2025-01-01,16849
Entre Ríos,2025-02-01,16789
Entre Ríos,2025-03-01,16771
Entre Ríos,2025-04-01,16793
Entre Ríos,2025-05-01,16850
Entre Ríos,2025-06-01,16869
Entre Ríos,2025-07-01,16785
Entre Ríos,2025-08-01,16706
Entre Ríos,2025-09-01,16658
Entre Ríos,2025-10-01,16618
Entre Ríos,2025-11-01,16550
Entre Ríos,2025-12-01,16481
Entre Ríos,2026-01-01,16423
Entre Ríos,2026-02-01,16338
Entre Ríos,2026-03-01,16330
Formosa,2015-01-01,2582
Formosa,2015-02-01,2561
Formosa,2015-03-01,2581
Formosa,2015-04-01,2570
Formosa,2015-05-01,2592
Formosa,2015-06-01,2586
Formosa,2015-07-01,2589
Formosa,2015-08-01,2593
Formosa,2015-09-01,2612
Formosa,2015-10-01,2628
Formosa,2015-11-01,2653
Formosa,2015-12-01,2642
Formosa,2016-01-01,2639
Formosa,2016-02-01,2623
Formosa,2016-03-01,2625
Formosa,2016-04-01,2628
Formosa,2016-05-01,2625
Formosa,2016-06-01,2620
Formosa,2016-07-01,2623
Formosa,2016-08-01,2629
Formosa,2016-09-01,2645
Formosa,2016-10-01,2619
Formosa,2016-11-01,2621
Formosa,2016-12-01,2617
Formosa,2017-01-01,2619
Formosa,2017-02-01,2617
Formosa,2017-03-01,2620
Formosa,2017-04-01,2604
Formosa,2017-05-01,2588
Formosa,2017-06-01,2599
Formosa,2017-07-01,2599
Formosa,2017-08-01,2600
Formosa,2017-09-01,2603
Formosa,2017-10-01,2620
Formosa,2017-11-01,2621
Formosa,2017-12-01,2625
Formosa,2018-01-01,2600
Formosa,2018-02-01,2592
Formosa,2018-03-01,2601
Formosa,2018-04-01,2590
Formosa,2018-05-01,2589
Formosa,2018-06-01,2578
Formosa,2018-07-01,2581
Formosa,2018-08-01,2581
Formosa,2018-09-01,2585
Formosa,2018-10-01,2567
Formosa,2018-11-01,2562
Formosa,2018-12-01,2558
Formosa,2019-01-01,2530
Formosa,2019-02-01,2504
Formosa,2019-03-01,2509
Formosa,2019-04-01,2498
Formosa,2019-05-01,2488
Formosa,2019-06-01,2473
Formosa,2019-07-01,2460
Formosa,2019-08-01,2469
Formosa,2019-09-01,2479
Formosa,2019-10-01,2489
Formosa,2019-11-01,2472
Formosa,2019-12-01,2464
Formosa,2020-01-01,2451
Formosa,2020-02-01,2424
Formosa,2020-03-01,2437
Formosa,2020-04-01,2433
Formosa,2020-05-01,2413
Formosa,2020-06-01,2424
Formosa,2020-07-01,2420
Formosa,2020-08-01,2404
Formosa,2020-09-01,2413
Formosa,2020-10-01,2427
Formosa,2020-11-01,2428
Formosa,2020-12-01,2423
Formosa,2021-01-01,2411
Formosa,2021-02-01,2395
Formosa,2021-03-01,2400
Formosa,2021-04-01,2404
Formosa,2021-05-01,2402
Formosa,2021-06-01,2386
Formosa,2021-07-01,2369
Formosa,2021-08-01,2364
Formosa,2021-09-01,2366
Formosa,2021-10-01,2383
Formosa,2021-11-01,2391
Formosa,2021-12-01,2402
Formosa,2022-01-01,2420
Formosa,2022-02-01,2407
Formosa,2022-03-01,2420
Formosa,2022-04-01,2426
Formosa,2022-05-01,2448
Formosa,2022-06-01,2446
Formosa,2022-07-01,2459
Formosa,2022-08-01,2472
Formosa,2022-09-01,2484
Formosa,2022-10-01,2505
Formosa,2022-11-01,2510
Formosa,2022-12-01,2507
Formosa,2023-01-01,2506
Formosa,2023-02-01,2490
Formosa,2023-03-01,2487
Formosa,2023-04-01,2491
Formosa,2023-05-01,2479
Formosa,2023-06-01,2455
Formosa,2023-07-01,2476
Formosa,2023-08-01,2453
Formosa,2023-09-01,2470
Formosa,2023-10-01,2478
Formosa,2023-11-01,2500
Formosa,2023-12-01,2509
Formosa,2024-01-01,2501
Formosa,2024-02-01,2457
Formosa,2024-03-01,2463
Formosa,2024-04-01,2443
Formosa,2024-05-01,2426
Formosa,2024-06-01,2414
Formosa,2024-07-01,2390
Formosa,2024-08-01,2393
Formosa,2024-09-01,2392
Formosa,2024-10-01,2374
Formosa,2024-11-01,2386
Formosa,2024-12-01,2376
Formosa,2025-01-01,2370
Formosa,2025-02-01,2359
Formosa,2025-03-01,2338
Formosa,2025-04-01,2340
Formosa,2025-05-01,2357
Formosa,2025-06-01,2368
Formosa,2025-07-01,2372
Formosa,2025-08-01,2366
Formosa,2025-09-01,2354
Formosa,2025-10-01,2340
Formosa,2025-11-01,2321
Formosa,2025-12-01,2311
Formosa,2026-01-01,2305
Formosa,2026-02-01,2279
Formosa,2026-03-01,2283
Jujuy,2015-01-01,4368
Jujuy,2015-02-01,4345
Jujuy,2015-03-01,4347
Jujuy,2015-04-01,4353
Jujuy,2015-05-01,4325
Jujuy,2015-06-01,4300
Jujuy,2015-07-01,4380
Jujuy,2015-08-01,4411
Jujuy,2015-09-01,4444
Jujuy,2015-10-01,4450
Jujuy,2015-11-01,4508
Jujuy,2015-12-01,4493
Jujuy,2016-01-01,4484
Jujuy,2016-02-01,4474
Jujuy,2016-03-01,4482
Jujuy,2016-04-01,4486
Jujuy,2016-05-01,4415
Jujuy,2016-06-01,4424
Jujuy,2016-07-01,4469
Jujuy,2016-08-01,4468
Jujuy,2016-09-01,4501
Jujuy,2016-10-01,4526
Jujuy,2016-11-01,4530
Jujuy,2016-12-01,4517
Jujuy,2017-01-01,4493
Jujuy,2017-02-01,4521
Jujuy,2017-03-01,4500
Jujuy,2017-04-01,4502
Jujuy,2017-05-01,4422
Jujuy,2017-06-01,4463
Jujuy,2017-07-01,4499
Jujuy,2017-08-01,4489
Jujuy,2017-09-01,4483
Jujuy,2017-10-01,4515
Jujuy,2017-11-01,4528
Jujuy,2017-12-01,4519
Jujuy,2018-01-01,4473
Jujuy,2018-02-01,4449
Jujuy,2018-03-01,4444
Jujuy,2018-04-01,4450
Jujuy,2018-05-01,4362
Jujuy,2018-06-01,4376
Jujuy,2018-07-01,4432
Jujuy,2018-08-01,4450
Jujuy,2018-09-01,4456
Jujuy,2018-10-01,4467
Jujuy,2018-11-01,4504
Jujuy,2018-12-01,4488
Jujuy,2019-01-01,4451
Jujuy,2019-02-01,4430
Jujuy,2019-03-01,4414
Jujuy,2019-04-01,4358
Jujuy,2019-05-01,4306
Jujuy,2019-06-01,4322
Jujuy,2019-07-01,4327
Jujuy,2019-08-01,4354
Jujuy,2019-09-01,4381
Jujuy,2019-10-01,4421
Jujuy,2019-11-01,4398
Jujuy,2019-12-01,4373
Jujuy,2020-01-01,4379
Jujuy,2020-02-01,4331
Jujuy,2020-03-01,4316
Jujuy,2020-04-01,4274
Jujuy,2020-05-01,4193
Jujuy,2020-06-01,4189
Jujuy,2020-07-01,4211
Jujuy,2020-08-01,4180
Jujuy,2020-09-01,4211
Jujuy,2020-10-01,4244
Jujuy,2020-11-01,4249
Jujuy,2020-12-01,4234
Jujuy,2021-01-01,4220
Jujuy,2021-02-01,4195
Jujuy,2021-03-01,4219
Jujuy,2021-04-01,4211
Jujuy,2021-05-01,4170
Jujuy,2021-06-01,4185
Jujuy,2021-07-01,4188
Jujuy,2021-08-01,4205
Jujuy,2021-09-01,4221
Jujuy,2021-10-01,4293
Jujuy,2021-11-01,4298
Jujuy,2021-12-01,4289
Jujuy,2022-01-01,4330
Jujuy,2022-02-01,4322
Jujuy,2022-03-01,4348
Jujuy,2022-04-01,4335
Jujuy,2022-05-01,4319
Jujuy,2022-06-01,4336
Jujuy,2022-07-01,4363
Jujuy,2022-08-01,4384
Jujuy,2022-09-01,4419
Jujuy,2022-10-01,4491
Jujuy,2022-11-01,4507
Jujuy,2022-12-01,4486
Jujuy,2023-01-01,4506
Jujuy,2023-02-01,4482
Jujuy,2023-03-01,4513
Jujuy,2023-04-01,4537
Jujuy,2023-05-01,4498
Jujuy,2023-06-01,4481
Jujuy,2023-07-01,4512
Jujuy,2023-08-01,4527
Jujuy,2023-09-01,4543
Jujuy,2023-10-01,4556
Jujuy,2023-11-01,4531
Jujuy,2023-12-01,4579
Jujuy,2024-01-01,4598
Jujuy,2024-02-01,4582
Jujuy,2024-03-01,4557
Jujuy,2024-04-01,4501
Jujuy,2024-05-01,4451
Jujuy,2024-06-01,4455
Jujuy,2024-07-01,4464
Jujuy,2024-08-01,4465
Jujuy,2024-09-01,4501
Jujuy,2024-10-01,4490
Jujuy,2024-11-01,4474
Jujuy,2024-12-01,4477
Jujuy,2025-01-01,4470
Jujuy,2025-02-01,4462
Jujuy,2025-03-01,4509
Jujuy,2025-04-01,4512
Jujuy,2025-05-01,4500
Jujuy,2025-06-01,4541
Jujuy,2025-07-01,4522
Jujuy,2025-08-01,4469
Jujuy,2025-09-01,4457
Jujuy,2025-10-01,4447
Jujuy,2025-11-01,4427
Jujuy,2025-12-01,4387
Jujuy,2026-01-01,4348
Jujuy,2026-02-01,4311
Jujuy,2026-03-01,4314
La Pampa,2015-01-01,6360
La Pampa,2015-02-01,6289
La Pampa,2015-03-01,6286
La Pampa,2015-04-01,6293
La Pampa,2015-05-01,6332
La Pampa,2015-06-01,6352
La Pampa,2015-07-01,6374
La Pampa,2015-08-01,6374
La Pampa,2015-09-01,6380
La Pampa,2015-10-01,6399
La Pampa,2015-11-01,6417
La Pampa,2015-12-01,6418
La Pampa,2016-01-01,6420
La Pampa,2016-02-01,6349
La Pampa,2016-03-01,6359
La Pampa,2016-04-01,6399
La Pampa,2016-05-01,6405
La Pampa,2016-06-01,6398
La Pampa,2016-07-01,6397
La Pampa,2016-08-01,6419
La Pampa,2016-09-01,6419
La Pampa,2016-10-01,6433
La Pampa,2016-11-01,6443
La Pampa,2016-12-01,6452
La Pampa,2017-01-01,6459
La Pampa,2017-02-01,6407
La Pampa,2017-03-01,6411
La Pampa,2017-04-01,6410
La Pampa,2017-05-01,6391
La Pampa,2017-06-01,6438
La Pampa,2017-07-01,6407
La Pampa,2017-08-01,6438
La Pampa,2017-09-01,6449
La Pampa,2017-10-01,6479
La Pampa,2017-11-01,6484
La Pampa,2017-12-01,6468
La Pampa,2018-01-01,6450
La Pampa,2018-02-01,6402
La Pampa,2018-03-01,6418
La Pampa,2018-04-01,6427
La Pampa,2018-05-01,6423
La Pampa,2018-06-01,6401
La Pampa,2018-07-01,6396
La Pampa,2018-08-01,6376
La Pampa,2018-09-01,6377
La Pampa,2018-10-01,6379
La Pampa,2018-11-01,6384
La Pampa,2018-12-01,6375
La Pampa,2019-01-01,6346
La Pampa,2019-02-01,6279
La Pampa,2019-03-01,6272
La Pampa,2019-04-01,6244
La Pampa,2019-05-01,6262
La Pampa,2019-06-01,6236
La Pampa,2019-07-01,6217
La Pampa,2019-08-01,6227
La Pampa,2019-09-01,6271
La Pampa,2019-10-01,6278
La Pampa,2019-11-01,6259
La Pampa,2019-12-01,6266
La Pampa,2020-01-01,6256
La Pampa,2020-02-01,6180
La Pampa,2020-03-01,6188
La Pampa,2020-04-01,6210
La Pampa,2020-05-01,6191
La Pampa,2020-06-01,6209
La Pampa,2020-07-01,6197
La Pampa,2020-08-01,6172
La Pampa,2020-09-01,6167
La Pampa,2020-10-01,6178
La Pampa,2020-11-01,6169
La Pampa,2020-12-01,6142
La Pampa,2021-01-01,6152
La Pampa,2021-02-01,6088
La Pampa,2021-03-01,6103
La Pampa,2021-04-01,6147
La Pampa,2021-05-01,6179
La Pampa,2021-06-01,6178
La Pampa,2021-07-01,6184
La Pampa,2021-08-01,6195
La Pampa,2021-09-01,6182
La Pampa,2021-10-01,6202
La Pampa,2021-11-01,6208
La Pampa,2021-12-01,6214
La Pampa,2022-01-01,6268
La Pampa,2022-02-01,6242
La Pampa,2022-03-01,6295
La Pampa,2022-04-01,6348
La Pampa,2022-05-01,6371
La Pampa,2022-06-01,6404
La Pampa,2022-07-01,6408
La Pampa,2022-08-01,6441
La Pampa,2022-09-01,6481
La Pampa,2022-10-01,6520
La Pampa,2022-11-01,6541
La Pampa,2022-12-01,6565
La Pampa,2023-01-01,6593
La Pampa,2023-02-01,6557
La Pampa,2023-03-01,6588
La Pampa,2023-04-01,6599
La Pampa,2023-05-01,6601
La Pampa,2023-06-01,6612
La Pampa,2023-07-01,6571
La Pampa,2023-08-01,6569
La Pampa,2023-09-01,6582
La Pampa,2023-10-01,6576
La Pampa,2023-11-01,6581
La Pampa,2023-12-01,6597
La Pampa,2024-01-01,6583
La Pampa,2024-02-01,6529
La Pampa,2024-03-01,6516
La Pampa,2024-04-01,6462
La Pampa,2024-05-01,6448
La Pampa,2024-06-01,6441
La Pampa,2024-07-01,6412
La Pampa,2024-08-01,6403
La Pampa,2024-09-01,6382
La Pampa,2024-10-01,6364
La Pampa,2024-11-01,6363
La Pampa,2024-12-01,6341
La Pampa,2025-01-01,6370
La Pampa,2025-02-01,6314
La Pampa,2025-03-01,6296
La Pampa,2025-04-01,6302
La Pampa,2025-05-01,6294
La Pampa,2025-06-01,6302
La Pampa,2025-07-01,6270
La Pampa,2025-08-01,6285
La Pampa,2025-09-01,6303
La Pampa,2025-10-01,6326
La Pampa,2025-11-01,6325
La Pampa,2025-12-01,6321
La Pampa,2026-01-01,6316
La Pampa,2026-02-01,6255
La Pampa,2026-03-01,6229
La Rioja,2015-01-01,2308
La Rioja,2015-02-01,2296
La Rioja,2015-03-01,2323
La Rioja,2015-04-01,2328
La Rioja,2015-05-01,2310
La Rioja,2015-06-01,2308
La Rioja,2015-07-01,2309
La Rioja,2015-08-01,2330
La Rioja,2015-09-01,2334
La Rioja,2015-10-01,2357
La Rioja,2015-11-01,2358
La Rioja,2015-12-01,2351
La Rioja,2016-01-01,2351
La Rioja,2016-02-01,2335
La Rioja,2016-03-01,2359
La Rioja,2016-04-01,2362
La Rioja,2016-05-01,2347
La Rioja,2016-06-01,2336
La Rioja,2016-07-01,2332
La Rioja,2016-08-01,2336
La Rioja,2016-09-01,2346
La Rioja,2016-10-01,2339
La Rioja,2016-11-01,2340
La Rioja,2016-12-01,2341
La Rioja,2017-01-01,2329
La Rioja,2017-02-01,2333
La Rioja,2017-03-01,2344
La Rioja,2017-04-01,2329
La Rioja,2017-05-01,2342
La Rioja,2017-06-01,2342
La Rioja,2017-07-01,2320
La Rioja,2017-08-01,2334
La Rioja,2017-09-01,2333
La Rioja,2017-10-01,2353
La Rioja,2017-11-01,2358
La Rioja,2017-12-01,2352
La Rioja,2018-01-01,2320
La Rioja,2018-02-01,2309
La Rioja,2018-03-01,2346
La Rioja,2018-04-01,2354
La Rioja,2018-05-01,2344
La Rioja,2018-06-01,2319
La Rioja,2018-07-01,2322
La Rioja,2018-08-01,2335
La Rioja,2018-09-01,2324
La Rioja,2018-10-01,2337
La Rioja,2018-11-01,2338
La Rioja,2018-12-01,2330
La Rioja,2019-01-01,2304
La Rioja,2019-02-01,2283
La Rioja,2019-03-01,2291
La Rioja,2019-04-01,2261
La Rioja,2019-05-01,2259
La Rioja,2019-06-01,2259
La Rioja,2019-07-01,2235
La Rioja,2019-08-01,2209
La Rioja,2019-09-01,2212
La Rioja,2019-10-01,2214
La Rioja,2019-11-01,2219
La Rioja,2019-12-01,2196
La Rioja,2020-01-01,2185
La Rioja,2020-02-01,2169
La Rioja,2020-03-01,2195
La Rioja,2020-04-01,2192
La Rioja,2020-05-01,2172
La Rioja,2020-06-01,2167
La Rioja,2020-07-01,2166
La Rioja,2020-08-01,2157
La Rioja,2020-09-01,2154
La Rioja,2020-10-01,2159
La Rioja,2020-11-01,2175
La Rioja,2020-12-01,2160
La Rioja,2021-01-01,2151
La Rioja,2021-02-01,2139
La Rioja,2021-03-01,2152
La Rioja,2021-04-01,2174
La Rioja,2021-05-01,2166
La Rioja,2021-06-01,2158
La Rioja,2021-07-01,2155
La Rioja,2021-08-01,2150
La Rioja,2021-09-01,2132
La Rioja,2021-10-01,2160
La Rioja,2021-11-01,2155
La Rioja,2021-12-01,2161
La Rioja,2022-01-01,2180
La Rioja,2022-02-01,2178
La Rioja,2022-03-01,2196
La Rioja,2022-04-01,2202
La Rioja,2022-05-01,2201
La Rioja,2022-06-01,2217
La Rioja,2022-07-01,2206
La Rioja,2022-08-01,2220
La Rioja,2022-09-01,2258
La Rioja,2022-10-01,2280
La Rioja,2022-11-01,2331
La Rioja,2022-12-01,2399
La Rioja,2023-01-01,2476
La Rioja,2023-02-01,2508
La Rioja,2023-03-01,2558
La Rioja,2023-04-01,2569
La Rioja,2023-05-01,2606
La Rioja,2023-06-01,2648
La Rioja,2023-07-01,2656
La Rioja,2023-08-01,2687
La Rioja,2023-09-01,2705
La Rioja,2023-10-01,2722
La Rioja,2023-11-01,2703
La Rioja,2023-12-01,2704
La Rioja,2024-01-01,2742
La Rioja,2024-02-01,2666
La Rioja,2024-03-01,2610
La Rioja,2024-04-01,2580
La Rioja,2024-05-01,2566
La Rioja,2024-06-01,2522
La Rioja,2024-07-01,2485
La Rioja,2024-08-01,2492
La Rioja,2024-09-01,2505
La Rioja,2024-10-01,2508
La Rioja,2024-11-01,2496
La Rioja,2024-12-01,2475
La Rioja,2025-01-01,2492
La Rioja,2025-02-01,2460
La Rioja,2025-03-01,2496
La Rioja,2025-04-01,2535
La Rioja,2025-05-01,2607
La Rioja,2025-06-01,2637
La Rioja,2025-07-01,2613
La Rioja,2025-08-01,2537
La Rioja,2025-09-01,2501
La Rioja,2025-10-01,2436
La Rioja,2025-11-01,2369
La Rioja,2025-12-01,2304
La Rioja,2026-01-01,2269
La Rioja,2026-02-01,2234
La Rioja,2026-03-01,2231
Mendoza,2015-01-01,22681
Mendoza,2015-02-01,22576
Mendoza,2015-03-01,22591
Mendoza,2015-04-01,22462
Mendoza,2015-05-01,22419
Mendoza,2015-06-01,22414
Mendoza,2015-07-01,22492
Mendoza,2015-08-01,22608
Mendoza,2015-09-01,22631
Mendoza,2015-10-01,22731
Mendoza,2015-11-01,22779
Mendoza,2015-12-01,22707
Mendoza,2016-01-01,22678
Mendoza,2016-02-01,22538
Mendoza,2016-03-01,22594
Mendoza,2016-04-01,22423
Mendoza,2016-05-01,22284
Mendoza,2016-06-01,22278
Mendoza,2016-07-01,22302
Mendoza,2016-08-01,22396
Mendoza,2016-09-01,22497
Mendoza,2016-10-01,22535
Mendoza,2016-11-01,22534
Mendoza,2016-12-01,22521
Mendoza,2017-01-01,22494
Mendoza,2017-02-01,22512
Mendoza,2017-03-01,22500
Mendoza,2017-04-01,22338
Mendoza,2017-05-01,22174
Mendoza,2017-06-01,22345
Mendoza,2017-07-01,22396
Mendoza,2017-08-01,22471
Mendoza,2017-09-01,22484
Mendoza,2017-10-01,22589
Mendoza,2017-11-01,22620
Mendoza,2017-12-01,22618
Mendoza,2018-01-01,22488
Mendoza,2018-02-01,22384
Mendoza,2018-03-01,22435
Mendoza,2018-04-01,22391
Mendoza,2018-05-01,22299
Mendoza,2018-06-01,22239
Mendoza,2018-07-01,22234
Mendoza,2018-08-01,22299
Mendoza,2018-09-01,22278
Mendoza,2018-10-01,22225
Mendoza,2018-11-01,22247
Mendoza,2018-12-01,22218
Mendoza,2019-01-01,22178
Mendoza,2019-02-01,22095
Mendoza,2019-03-01,22036
Mendoza,2019-04-01,21807
Mendoza,2019-05-01,21721
Mendoza,2019-06-01,21743
Mendoza,2019-07-01,21685
Mendoza,2019-08-01,21694
Mendoza,2019-09-01,21710
Mendoza,2019-10-01,21728
Mendoza,2019-11-01,21712
Mendoza,2019-12-01,21624
Mendoza,2020-01-01,21623
Mendoza,2020-02-01,21526
Mendoza,2020-03-01,21548
Mendoza,2020-04-01,21313
Mendoza,2020-05-01,21043
Mendoza,2020-06-01,21052
Mendoza,2020-07-01,21066
Mendoza,2020-08-01,20923
Mendoza,2020-09-01,20877
Mendoza,2020-10-01,20904
Mendoza,2020-11-01,20881
Mendoza,2020-12-01,20798
Mendoza,2021-01-01,20748
Mendoza,2021-02-01,20653
Mendoza,2021-03-01,20756
Mendoza,2021-04-01,20749
Mendoza,2021-05-01,20647
Mendoza,2021-06-01,20735
Mendoza,2021-07-01,20712
Mendoza,2021-08-01,20770
Mendoza,2021-09-01,20774
Mendoza,2021-10-01,20887
Mendoza,2021-11-01,20858
Mendoza,2021-12-01,20881
Mendoza,2022-01-01,21002
Mendoza,2022-02-01,21036
Mendoza,2022-03-01,21069
Mendoza,2022-04-01,21124
Mendoza,2022-05-01,21003
Mendoza,2022-06-01,21161
Mendoza,2022-07-01,21255
Mendoza,2022-08-01,21373
Mendoza,2022-09-01,21491
Mendoza,2022-10-01,21532
Mendoza,2022-11-01,21599
Mendoza,2022-12-01,21577
Mendoza,2023-01-01,21879
Mendoza,2023-02-01,21790
Mendoza,2023-03-01,21793
Mendoza,2023-04-01,21802
Mendoza,2023-05-01,21738
Mendoza,2023-06-01,21734
Mendoza,2023-07-01,21605
Mendoza,2023-08-01,21703
Mendoza,2023-09-01,21683
Mendoza,2023-10-01,21764
Mendoza,2023-11-01,21640
Mendoza,2023-12-01,21729
Mendoza,2024-01-01,21775
Mendoza,2024-02-01,21596
Mendoza,2024-03-01,21586
Mendoza,2024-04-01,21495
Mendoza,2024-05-01,21363
Mendoza,2024-06-01,21222
Mendoza,2024-07-01,21210
Mendoza,2024-08-01,21220
Mendoza,2024-09-01,21232
Mendoza,2024-10-01,21219
Mendoza,2024-11-01,21145
Mendoza,2024-12-01,21132
Mendoza,2025-01-01,21133
Mendoza,2025-02-01,21033
Mendoza,2025-03-01,21012
Mendoza,2025-04-01,21015
Mendoza,2025-05-01,20944
Mendoza,2025-06-01,20868
Mendoza,2025-07-01,20772
Mendoza,2025-08-01,20779
Mendoza,2025-09-01,20742
Mendoza,2025-10-01,20778
Mendoza,2025-11-01,20697
Mendoza,2025-12-01,20656
Mendoza,2026-01-01,20511
Mendoza,2026-02-01,20462
Mendoza,2026-03-01,20398
Misiones,2015-01-01,8865
Misiones,2015-02-01,8798
Misiones,2015-03-01,8842
Misiones,2015-04-01,8882
Misiones,2015-05-01,8952
Misiones,2015-06-01,9047
Misiones,2015-07-01,9114
Misiones,2015-08-01,9121
Misiones,2015-09-01,9150
Misiones,2015-10-01,9094
Misiones,2015-11-01,9049
Misiones,2015-12-01,8961
Misiones,2016-01-01,8944
Misiones,2016-02-01,8871
Misiones,2016-03-01,8927
Misiones,2016-04-01,8948
Misiones,2016-05-01,8972
Misiones,2016-06-01,9000
Misiones,2016-07-01,9030
Misiones,2016-08-01,9041
Misiones,2016-09-01,9085
Misiones,2016-10-01,9034
Misiones,2016-11-01,8995
Misiones,2016-12-01,8977
Misiones,2017-01-01,8948
Misiones,2017-02-01,8915
Misiones,2017-03-01,8890
Misiones,2017-04-01,8961
Misiones,2017-05-01,9011
Misiones,2017-06-01,9162
Misiones,2017-07-01,9192
Misiones,2017-08-01,9211
Misiones,2017-09-01,9176
Misiones,2017-10-01,9113
Misiones,2017-11-01,9064
Misiones,2017-12-01,9081
Misiones,2018-01-01,9033
Misiones,2018-02-01,8997
Misiones,2018-03-01,9052
Misiones,2018-04-01,9139
Misiones,2018-05-01,9225
Misiones,2018-06-01,9283
Misiones,2018-07-01,9285
Misiones,2018-08-01,9241
Misiones,2018-09-01,9206
Misiones,2018-10-01,9125
Misiones,2018-11-01,9018
Misiones,2018-12-01,9012
Misiones,2019-01-01,8985
Misiones,2019-02-01,8901
Misiones,2019-03-01,8895
Misiones,2019-04-01,8933
Misiones,2019-05-01,9063
Misiones,2019-06-01,9097
Misiones,2019-07-01,9088
Misiones,2019-08-01,9063
Misiones,2019-09-01,9043
Misiones,2019-10-01,8918
Misiones,2019-11-01,8823
Misiones,2019-12-01,8768
Misiones,2020-01-01,8802
Misiones,2020-02-01,8677
Misiones,2020-03-01,8687
Misiones,2020-04-01,8770
Misiones,2020-05-01,8798
Misiones,2020-06-01,8888
Misiones,2020-07-01,8900
Misiones,2020-08-01,8901
Misiones,2020-09-01,8870
Misiones,2020-10-01,8808
Misiones,2020-11-01,8713
Misiones,2020-12-01,8721
Misiones,2021-01-01,8730
Misiones,2021-02-01,8676
Misiones,2021-03-01,8709
Misiones,2021-04-01,8835
Misiones,2021-05-01,8942
Misiones,2021-06-01,8973
Misiones,2021-07-01,9008
Misiones,2021-08-01,9044
Misiones,2021-09-01,9011
Misiones,2021-10-01,8934
Misiones,2021-11-01,8868
Misiones,2021-12-01,8896
Misiones,2022-01-01,8941
Misiones,2022-02-01,8900
Misiones,2022-03-01,8968
Misiones,2022-04-01,9062
Misiones,2022-05-01,9099
Misiones,2022-06-01,9262
Misiones,2022-07-01,9387
Misiones,2022-08-01,9440
Misiones,2022-09-01,9457
Misiones,2022-10-01,9404
Misiones,2022-11-01,9398
Misiones,2022-12-01,9472
Misiones,2023-01-01,9569
Misiones,2023-02-01,9577
Misiones,2023-03-01,9620
Misiones,2023-04-01,9695
Misiones,2023-05-01,9684
Misiones,2023-06-01,9838
Misiones,2023-07-01,9911
Misiones,2023-08-01,9943
Misiones,2023-09-01,9963
Misiones,2023-10-01,9808
Misiones,2023-11-01,9627
Misiones,2023-12-01,9657
Misiones,2024-01-01,9658
Misiones,2024-02-01,9532
Misiones,2024-03-01,9421
Misiones,2024-04-01,9394
Misiones,2024-05-01,9458
Misiones,2024-06-01,9465
Misiones,2024-07-01,9470
Misiones,2024-08-01,9497
Misiones,2024-09-01,9453
Misiones,2024-10-01,9292
Misiones,2024-11-01,9181
Misiones,2024-12-01,9151
Misiones,2025-01-01,9186
Misiones,2025-02-01,9141
Misiones,2025-03-01,9145
Misiones,2025-04-01,9197
Misiones,2025-05-01,9326
Misiones,2025-06-01,9406
Misiones,2025-07-01,9394
Misiones,2025-08-01,9292
Misiones,2025-09-01,9217
Misiones,2025-10-01,9034
Misiones,2025-11-01,8817
Misiones,2025-12-01,8749
Misiones,2026-01-01,8684
Misiones,2026-02-01,8581
Misiones,2026-03-01,8549
Neuquén,2015-01-01,8288
Neuquén,2015-02-01,8378
Neuquén,2015-03-01,8415
Neuquén,2015-04-01,8382
Neuquén,2015-05-01,8408
Neuquén,2015-06-01,8400
Neuquén,2015-07-01,8467
Neuquén,2015-08-01,8590
Neuquén,2015-09-01,8657
Neuquén,2015-10-01,8657
Neuquén,2015-11-01,8649
Neuquén,2015-12-01,8633
Neuquén,2016-01-01,8640
Neuquén,2016-02-01,8681
Neuquén,2016-03-01,8677
Neuquén,2016-04-01,8641
Neuquén,2016-05-01,8574
Neuquén,2016-06-01,8523
Neuquén,2016-07-01,8523
Neuquén,2016-08-01,8614
Neuquén,2016-09-01,8659
Neuquén,2016-10-01,8676
Neuquén,2016-11-01,8657
Neuquén,2016-12-01,8629
Neuquén,2017-01-01,8601
Neuquén,2017-02-01,8678
Neuquén,2017-03-01,8651
Neuquén,2017-04-01,8600
Neuquén,2017-05-01,8527
Neuquén,2017-06-01,8533
Neuquén,2017-07-01,8591
Neuquén,2017-08-01,8657
Neuquén,2017-09-01,8664
Neuquén,2017-10-01,8681
Neuquén,2017-11-01,8695
Neuquén,2017-12-01,8710
Neuquén,2018-01-01,8665
Neuquén,2018-02-01,8706
Neuquén,2018-03-01,8730
Neuquén,2018-04-01,8676
Neuquén,2018-05-01,8618
Neuquén,2018-06-01,8543
Neuquén,2018-07-01,8563
Neuquén,2018-08-01,8635
Neuquén,2018-09-01,8661
Neuquén,2018-10-01,8602
Neuquén,2018-11-01,8614
Neuquén,2018-12-01,8612
Neuquén,2019-01-01,8639
Neuquén,2019-02-01,8735
Neuquén,2019-03-01,8784
Neuquén,2019-04-01,8671
Neuquén,2019-05-01,8656
Neuquén,2019-06-01,8630
Neuquén,2019-07-01,8614
Neuquén,2019-08-01,8688
Neuquén,2019-09-01,8734
Neuquén,2019-10-01,8746
Neuquén,2019-11-01,8705
Neuquén,2019-12-01,8707
Neuquén,2020-01-01,8738
Neuquén,2020-02-01,8777
Neuquén,2020-03-01,8766
Neuquén,2020-04-01,8733
Neuquén,2020-05-01,8610
Neuquén,2020-06-01,8541
Neuquén,2020-07-01,8528
Neuquén,2020-08-01,8487
Neuquén,2020-09-01,8480
Neuquén,2020-10-01,8528
Neuquén,2020-11-01,8519
Neuquén,2020-12-01,8470
Neuquén,2021-01-01,8487
Neuquén,2021-02-01,8473
Neuquén,2021-03-01,8477
Neuquén,2021-04-01,8458
Neuquén,2021-05-01,8444
Neuquén,2021-06-01,8429
Neuquén,2021-07-01,8438
Neuquén,2021-08-01,8481
Neuquén,2021-09-01,8457
Neuquén,2021-10-01,8527
Neuquén,2021-11-01,8541
Neuquén,2021-12-01,8568
Neuquén,2022-01-01,8650
Neuquén,2022-02-01,8744
Neuquén,2022-03-01,8748
Neuquén,2022-04-01,8726
Neuquén,2022-05-01,8729
Neuquén,2022-06-01,8747
Neuquén,2022-07-01,8779
Neuquén,2022-08-01,8826
Neuquén,2022-09-01,8856
Neuquén,2022-10-01,8915
Neuquén,2022-11-01,8932
Neuquén,2022-12-01,8919
Neuquén,2023-01-01,9012
Neuquén,2023-02-01,9006
Neuquén,2023-03-01,9053
Neuquén,2023-04-01,9052
Neuquén,2023-05-01,9034
Neuquén,2023-06-01,9007
Neuquén,2023-07-01,9022
Neuquén,2023-08-01,9095
Neuquén,2023-09-01,9123
Neuquén,2023-10-01,9125
Neuquén,2023-11-01,9084
Neuquén,2023-12-01,9160
Neuquén,2024-01-01,9175
Neuquén,2024-02-01,9164
Neuquén,2024-03-01,9157
Neuquén,2024-04-01,9108
Neuquén,2024-05-01,9094
Neuquén,2024-06-01,9114
Neuquén,2024-07-01,9093
Neuquén,2024-08-01,9174
Neuquén,2024-09-01,9204
Neuquén,2024-10-01,9196
Neuquén,2024-11-01,9176
Neuquén,2024-12-01,9176
Neuquén,2025-01-01,9224
Neuquén,2025-02-01,9226
Neuquén,2025-03-01,9259
Neuquén,2025-04-01,9237
Neuquén,2025-05-01,9215
Neuquén,2025-06-01,9191
Neuquén,2025-07-01,9173
Neuquén,2025-08-01,9237
Neuquén,2025-09-01,9270
Neuquén,2025-10-01,9259
Neuquén,2025-11-01,9258
Neuquén,2025-12-01,9228
Neuquén,2026-01-01,9217
Neuquén,2026-02-01,9274
Neuquén,2026-03-01,9265
Río Negro,2015-01-01,9862
Río Negro,2015-02-01,10114
Río Negro,2015-03-01,10141
Río Negro,2015-04-01,9977
Río Negro,2015-05-01,9901
Río Negro,2015-06-01,9822
Río Negro,2015-07-01,9859
Río Negro,2015-08-01,10033
Río Negro,2015-09-01,10014
Río Negro,2015-10-01,10014
Río Negro,2015-11-01,9992
Río Negro,2015-12-01,9901
Río Negro,2016-01-01,10008
Río Negro,2016-02-01,10153
Río Negro,2016-03-01,10256
Río Negro,2016-04-01,10082
Río Negro,2016-05-01,9936
Río Negro,2016-06-01,9929
Río Negro,2016-07-01,9939
Río Negro,2016-08-01,10044
Río Negro,2016-09-01,10076
Río Negro,2016-10-01,10091
Río Negro,2016-11-01,10091
Río Negro,2016-12-01,10079
Río Negro,2017-01-01,10123
Río Negro,2017-02-01,10357
Río Negro,2017-03-01,10359
Río Negro,2017-04-01,10120
Río Negro,2017-05-01,9972
Río Negro,2017-06-01,9991
Río Negro,2017-07-01,9964
Río Negro,2017-08-01,10019
Río Negro,2017-09-01,10005
Río Negro,2017-10-01,10017
Río Negro,2017-11-01,9991
Río Negro,2017-12-01,9974
Río Negro,2018-01-01,10016
Río Negro,2018-02-01,10189
Río Negro,2018-03-01,10200
Río Negro,2018-04-01,9975
Río Negro,2018-05-01,9821
Río Negro,2018-06-01,9723
Río Negro,2018-07-01,9721
Río Negro,2018-08-01,9733
Río Negro,2018-09-01,9741
Río Negro,2018-10-01,9703
Río Negro,2018-11-01,9704
Río Negro,2018-12-01,9672
Río Negro,2019-01-01,9733
Río Negro,2019-02-01,9948
Río Negro,2019-03-01,9935
Río Negro,2019-04-01,9754
Río Negro,2019-05-01,9621
Río Negro,2019-06-01,9540
Río Negro,2019-07-01,9541
Río Negro,2019-08-01,9575
Río Negro,2019-09-01,9592
Río Negro,2019-10-01,9558
Río Negro,2019-11-01,9500
Río Negro,2019-12-01,9463
Río Negro,2020-01-01,9560
Río Negro,2020-02-01,9787
Río Negro,2020-03-01,9846
Río Negro,2020-04-01,9625
Río Negro,2020-05-01,9433
Río Negro,2020-06-01,9373
Río Negro,2020-07-01,9336
Río Negro,2020-08-01,9258
Río Negro,2020-09-01,9242
Río Negro,2020-10-01,9278
Río Negro,2020-11-01,9310
Río Negro,2020-12-01,9242
Río Negro,2021-01-01,9285
Río Negro,2021-02-01,9432
Río Negro,2021-03-01,9438
Río Negro,2021-04-01,9332
Río Negro,2021-05-01,9249
Río Negro,2021-06-01,9206
Río Negro,2021-07-01,9204
Río Negro,2021-08-01,9247
Río Negro,2021-09-01,9242
Río Negro,2021-10-01,9305
Río Negro,2021-11-01,9331
Río Negro,2021-12-01,9352
Río Negro,2022-01-01,9502
Río Negro,2022-02-01,9752
Río Negro,2022-03-01,9842
Río Negro,2022-04-01,9789
Río Negro,2022-05-01,9680
Río Negro,2022-06-01,9670
Río Negro,2022-07-01,9724
Río Negro,2022-08-01,9835
Río Negro,2022-09-01,9883
Río Negro,2022-10-01,9914
Río Negro,2022-11-01,9921
Río Negro,2022-12-01,9920
Río Negro,2023-01-01,10042
Río Negro,2023-02-01,10241
Río Negro,2023-03-01,10271
Río Negro,2023-04-01,10049
Río Negro,2023-05-01,9972
Río Negro,2023-06-01,9906
Río Negro,2023-07-01,9882
Río Negro,2023-08-01,9937
Río Negro,2023-09-01,9956
Río Negro,2023-10-01,9971
Río Negro,2023-11-01,9917
Río Negro,2023-12-01,9921
Río Negro,2024-01-01,9968
Río Negro,2024-02-01,10111
Río Negro,2024-03-01,10158
Río Negro,2024-04-01,10022
Río Negro,2024-05-01,9895
Río Negro,2024-06-01,9816
Río Negro,2024-07-01,9817
Río Negro,2024-08-01,9809
Río Negro,2024-09-01,9817
Río Negro,2024-10-01,9804
Río Negro,2024-11-01,9742
Río Negro,2024-12-01,9738
Río Negro,2025-01-01,9777
Río Negro,2025-02-01,9924
Río Negro,2025-03-01,9881
Río Negro,2025-04-01,9767
Río Negro,2025-05-01,9680
Río Negro,2025-06-01,9655
Río Negro,2025-07-01,9627
Río Negro,2025-08-01,9669
Río Negro,2025-09-01,9626
Río Negro,2025-10-01,9614
Río Negro,2025-11-01,9557
Río Negro,2025-12-01,9550
Río Negro,2026-01-01,9572
Río Negro,2026-02-01,9709
Río Negro,2026-03-01,9665
Salta,2015-01-01,9050
Salta,2015-02-01,9058
Salta,2015-03-01,9093
Salta,2015-04-01,9069
Salta,2015-05-01,9021
Salta,2015-06-01,9001
Salta,2015-07-01,9064
Salta,2015-08-01,9136
Salta,2015-09-01,9161
Salta,2015-10-01,9257
Salta,2015-11-01,9381
Salta,2015-12-01,9365
Salta,2016-01-01,9364
Salta,2016-02-01,9299
Salta,2016-03-01,9271
Salta,2016-04-01,9294
Salta,2016-05-01,9128
Salta,2016-06-01,9034
Salta,2016-07-01,9024
Salta,2016-08-01,9042
Salta,2016-09-01,9118
Salta,2016-10-01,9227
Salta,2016-11-01,9307
Salta,2016-12-01,9320
Salta,2017-01-01,9342
Salta,2017-02-01,9336
Salta,2017-03-01,9328
Salta,2017-04-01,9302
Salta,2017-05-01,9160
Salta,2017-06-01,9197
Salta,2017-07-01,9205
Salta,2017-08-01,9243
Salta,2017-09-01,9270
Salta,2017-10-01,9412
Salta,2017-11-01,9507
Salta,2017-12-01,9517
Salta,2018-01-01,9435
Salta,2018-02-01,9359
Salta,2018-03-01,9313
Salta,2018-04-01,9264
Salta,2018-05-01,9103
Salta,2018-06-01,9054
Salta,2018-07-01,9078
Salta,2018-08-01,9080
Salta,2018-09-01,9119
Salta,2018-10-01,9135
Salta,2018-11-01,9204
Salta,2018-12-01,9257
Salta,2019-01-01,9277
Salta,2019-02-01,9216
Salta,2019-03-01,9158
Salta,2019-04-01,9070
Salta,2019-05-01,8946
Salta,2019-06-01,8879
Salta,2019-07-01,8820
Salta,2019-08-01,8831
Salta,2019-09-01,8873
Salta,2019-10-01,8938
Salta,2019-11-01,8950
Salta,2019-12-01,8949
Salta,2020-01-01,8967
Salta,2020-02-01,8873
Salta,2020-03-01,8830
Salta,2020-04-01,8764
Salta,2020-05-01,8564
Salta,2020-06-01,8515
Salta,2020-07-01,8472
Salta,2020-08-01,8403
Salta,2020-09-01,8417
Salta,2020-10-01,8483
Salta,2020-11-01,8535
Salta,2020-12-01,8523
Salta,2021-01-01,8540
Salta,2021-02-01,8454
Salta,2021-03-01,8491
Salta,2021-04-01,8521
Salta,2021-05-01,8410
Salta,2021-06-01,8262
Salta,2021-07-01,8250
Salta,2021-08-01,8269
Salta,2021-09-01,8266
Salta,2021-10-01,8455
Salta,2021-11-01,8565
Salta,2021-12-01,8608
Salta,2022-01-01,8665
Salta,2022-02-01,8665
Salta,2022-03-01,8696
Salta,2022-04-01,8654
Salta,2022-05-01,8528
Salta,2022-06-01,8484
Salta,2022-07-01,8512
Salta,2022-08-01,8560
Salta,2022-09-01,8617
Salta,2022-10-01,8777
Salta,2022-11-01,8855
Salta,2022-12-01,8928
Salta,2023-01-01,9027
Salta,2023-02-01,9031
Salta,2023-03-01,9071
Salta,2023-04-01,9063
Salta,2023-05-01,8902
Salta,2023-06-01,8770
Salta,2023-07-01,8792
Salta,2023-08-01,8776
Salta,2023-09-01,8848
Salta,2023-10-01,9015
Salta,2023-11-01,9041
Salta,2023-12-01,9169
Salta,2024-01-01,9193
Salta,2024-02-01,9155
Salta,2024-03-01,9141
Salta,2024-04-01,9075
Salta,2024-05-01,8859
Salta,2024-06-01,8780
Salta,2024-07-01,8774
Salta,2024-08-01,8795
Salta,2024-09-01,8840
Salta,2024-10-01,8920
Salta,2024-11-01,8994
Salta,2024-12-01,8973
Salta,2025-01-01,9012
Salta,2025-02-01,8920
Salta,2025-03-01,8918
Salta,2025-04-01,8823
Salta,2025-05-01,8742
Salta,2025-06-01,8667
Salta,2025-07-01,8626
Salta,2025-08-01,8607
Salta,2025-09-01,8591
Salta,2025-10-01,8692
Salta,2025-11-01,8748
Salta,2025-12-01,8737
Salta,2026-01-01,8720
Salta,2026-02-01,8728
Salta,2026-03-01,8677
San Juan,2015-01-01,6935
San Juan,2015-02-01,6865
San Juan,2015-03-01,6878
San Juan,2015-04-01,6875
San Juan,2015-05-01,6879
San Juan,2015-06-01,6851
San Juan,2015-07-01,6865
San Juan,2015-08-01,6886
San Juan,2015-09-01,6905
San Juan,2015-10-01,6935
San Juan,2015-11-01,6954
San Juan,2015-12-01,6902
San Juan,2016-01-01,6893
San Juan,2016-02-01,6813
San Juan,2016-03-01,6844
San Juan,2016-04-01,6866
San Juan,2016-05-01,6852
San Juan,2016-06-01,6857
San Juan,2016-07-01,6847
San Juan,2016-08-01,6861
San Juan,2016-09-01,6887
San Juan,2016-10-01,6890
San Juan,2016-11-01,6895
San Juan,2016-12-01,6876
San Juan,2017-01-01,6861
San Juan,2017-02-01,6819
San Juan,2017-03-01,6795
San Juan,2017-04-01,6823
San Juan,2017-05-01,6819
San Juan,2017-06-01,6849
San Juan,2017-07-01,6847
San Juan,2017-08-01,6843
San Juan,2017-09-01,6862
San Juan,2017-10-01,6893
San Juan,2017-11-01,6921
San Juan,2017-12-01,6929
San Juan,2018-01-01,6863
San Juan,2018-02-01,6822
San Juan,2018-03-01,6824
San Juan,2018-04-01,6835
San Juan,2018-05-01,6831
San Juan,2018-06-01,6810
San Juan,2018-07-01,6815
San Juan,2018-08-01,6832
San Juan,2018-09-01,6826
San Juan,2018-10-01,6804
San Juan,2018-11-01,6816
San Juan,2018-12-01,6791
San Juan,2019-01-01,6761
San Juan,2019-02-01,6738
San Juan,2019-03-01,6722
San Juan,2019-04-01,6662
San Juan,2019-05-01,6639
San Juan,2019-06-01,6615
San Juan,2019-07-01,6591
San Juan,2019-08-01,6588
San Juan,2019-09-01,6590
San Juan,2019-10-01,6589
San Juan,2019-11-01,6561
San Juan,2019-12-01,6517
San Juan,2020-01-01,6533
San Juan,2020-02-01,6474
San Juan,2020-03-01,6483
San Juan,2020-04-01,6480
San Juan,2020-05-01,6398
San Juan,2020-06-01,6383
San Juan,2020-07-01,6354
San Juan,2020-08-01,6306
San Juan,2020-09-01,6294
San Juan,2020-10-01,6315
San Juan,2020-11-01,6308
San Juan,2020-12-01,6303
San Juan,2021-01-01,6304
San Juan,2021-02-01,6285
San Juan,2021-03-01,6314
San Juan,2021-04-01,6358
San Juan,2021-05-01,6358
San Juan,2021-06-01,6339
San Juan,2021-07-01,6301
San Juan,2021-08-01,6307
San Juan,2021-09-01,6282
San Juan,2021-10-01,6331
San Juan,2021-11-01,6344
San Juan,2021-12-01,6357
San Juan,2022-01-01,6380
San Juan,2022-02-01,6379
San Juan,2022-03-01,6414
San Juan,2022-04-01,6438
San Juan,2022-05-01,6463
San Juan,2022-06-01,6487
San Juan,2022-07-01,6483
San Juan,2022-08-01,6511
San Juan,2022-09-01,6547
San Juan,2022-10-01,6545
San Juan,2022-11-01,6582
San Juan,2022-12-01,6573
San Juan,2023-01-01,6611
San Juan,2023-02-01,6597
San Juan,2023-03-01,6638
San Juan,2023-04-01,6634
San Juan,2023-05-01,6592
San Juan,2023-06-01,6612
San Juan,2023-07-01,6579
San Juan,2023-08-01,6615
San Juan,2023-09-01,6613
San Juan,2023-10-01,6655
San Juan,2023-11-01,6611
San Juan,2023-12-01,6602
San Juan,2024-01-01,6602
San Juan,2024-02-01,6525
San Juan,2024-03-01,6536
San Juan,2024-04-01,6479
San Juan,2024-05-01,6466
San Juan,2024-06-01,6447
San Juan,2024-07-01,6448
San Juan,2024-08-01,6451
San Juan,2024-09-01,6449
San Juan,2024-10-01,6459
San Juan,2024-11-01,6459
San Juan,2024-12-01,6511
San Juan,2025-01-01,6553
San Juan,2025-02-01,6541
San Juan,2025-03-01,6549
San Juan,2025-04-01,6572
San Juan,2025-05-01,6596
San Juan,2025-06-01,6592
San Juan,2025-07-01,6566
San Juan,2025-08-01,6548
San Juan,2025-09-01,6523
San Juan,2025-10-01,6523
San Juan,2025-11-01,6522
San Juan,2025-12-01,6529
San Juan,2026-01-01,6467
San Juan,2026-02-01,6474
San Juan,2026-03-01,6431
San Luis,2015-01-01,4769
San Luis,2015-02-01,4768
San Luis,2015-03-01,4804
San Luis,2015-04-01,4800
San Luis,2015-05-01,4824
San Luis,2015-06-01,4832
San Luis,2015-07-01,4863
San Luis,2015-08-01,4886
San Luis,2015-09-01,4899
San Luis,2015-10-01,4925
San Luis,2015-11-01,4949
San Luis,2015-12-01,4940
San Luis,2016-01-01,4928
San Luis,2016-02-01,4943
San Luis,2016-03-01,4957
San Luis,2016-04-01,4935
San Luis,2016-05-01,4920
San Luis,2016-06-01,4916
San Luis,2016-07-01,4908
San Luis,2016-08-01,4902
San Luis,2016-09-01,4902
San Luis,2016-10-01,4921
San Luis,2016-11-01,4912
San Luis,2016-12-01,4885
San Luis,2017-01-01,4878
San Luis,2017-02-01,4903
San Luis,2017-03-01,4889
San Luis,2017-04-01,4847
San Luis,2017-05-01,4826
San Luis,2017-06-01,4858
San Luis,2017-07-01,4866
San Luis,2017-08-01,4877
San Luis,2017-09-01,4890
San Luis,2017-10-01,4911
San Luis,2017-11-01,4940
San Luis,2017-12-01,4933
San Luis,2018-01-01,4918
San Luis,2018-02-01,4934
San Luis,2018-03-01,4950
San Luis,2018-04-01,4929
San Luis,2018-05-01,4888
San Luis,2018-06-01,4869
San Luis,2018-07-01,4852
San Luis,2018-08-01,4869
San Luis,2018-09-01,4860
San Luis,2018-10-01,4830
San Luis,2018-11-01,4858
San Luis,2018-12-01,4858
San Luis,2019-01-01,4843
San Luis,2019-02-01,4885
San Luis,2019-03-01,4857
San Luis,2019-04-01,4826
San Luis,2019-05-01,4798
San Luis,2019-06-01,4778
San Luis,2019-07-01,4739
San Luis,2019-08-01,4731
San Luis,2019-09-01,4746
San Luis,2019-10-01,4748
San Luis,2019-11-01,4738
San Luis,2019-12-01,4707
San Luis,2020-01-01,4709
San Luis,2020-02-01,4727
San Luis,2020-03-01,4710
San Luis,2020-04-01,4670
San Luis,2020-05-01,4632
San Luis,2020-06-01,4638
San Luis,2020-07-01,4643
San Luis,2020-08-01,4644
San Luis,2020-09-01,4642
San Luis,2020-10-01,4619
San Luis,2020-11-01,4616
San Luis,2020-12-01,4602
San Luis,2021-01-01,4585
San Luis,2021-02-01,4591
San Luis,2021-03-01,4584
San Luis,2021-04-01,4595
San Luis,2021-05-01,4588
San Luis,2021-06-01,4574
San Luis,2021-07-01,4560
San Luis,2021-08-01,4564
San Luis,2021-09-01,4587
San Luis,2021-10-01,4608
San Luis,2021-11-01,4598
San Luis,2021-12-01,4622
San Luis,2022-01-01,4642
San Luis,2022-02-01,4672
San Luis,2022-03-01,4699
San Luis,2022-04-01,4720
San Luis,2022-05-01,4729
San Luis,2022-06-01,4733
San Luis,2022-07-01,4756
San Luis,2022-08-01,4826
San Luis,2022-09-01,4828
San Luis,2022-10-01,4846
San Luis,2022-11-01,4883
San Luis,2022-12-01,4890
San Luis,2023-01-01,4931
San Luis,2023-02-01,4935
San Luis,2023-03-01,4957
San Luis,2023-04-01,4951
San Luis,2023-05-01,4951
San Luis,2023-06-01,4939
San Luis,2023-07-01,4917
San Luis,2023-08-01,4945
San Luis,2023-09-01,4951
San Luis,2023-10-01,4967
San Luis,2023-11-01,4946
San Luis,2023-12-01,4934
San Luis,2024-01-01,4944
San Luis,2024-02-01,4905
San Luis,2024-03-01,4905
San Luis,2024-04-01,4870
San Luis,2024-05-01,4825
San Luis,2024-06-01,4829
San Luis,2024-07-01,4818
San Luis,2024-08-01,4805
San Luis,2024-09-01,4806
San Luis,2024-10-01,4794
San Luis,2024-11-01,4809
San Luis,2024-12-01,4785
San Luis,2025-01-01,4800
San Luis,2025-02-01,4773
San Luis,2025-03-01,4762
San Luis,2025-04-01,4767
San Luis,2025-05-01,4784
San Luis,2025-06-01,4770
San Luis,2025-07-01,4731
San Luis,2025-08-01,4691
San Luis,2025-09-01,4660
San Luis,2025-10-01,4668
San Luis,2025-11-01,4637
San Luis,2025-12-01,4635
San Luis,2026-01-01,4613
San Luis,2026-02-01,4601
San Luis,2026-03-01,4589
Santa Cruz,2015-01-01,3948
Santa Cruz,2015-02-01,3906
Santa Cruz,2015-03-01,3940
Santa Cruz,2015-04-01,3964
Santa Cruz,2015-05-01,3954
Santa Cruz,2015-06-01,3940
Santa Cruz,2015-07-01,3942
Santa Cruz,2015-08-01,3934
Santa Cruz,2015-09-01,3983
Santa Cruz,2015-10-01,4005
Santa Cruz,2015-11-01,4075
Santa Cruz,2015-12-01,4087
Santa Cruz,2016-01-01,4068
Santa Cruz,2016-02-01,4015
Santa Cruz,2016-03-01,4031
Santa Cruz,2016-04-01,4027
Santa Cruz,2016-05-01,3969
Santa Cruz,2016-06-01,3942
Santa Cruz,2016-07-01,3929
Santa Cruz,2016-08-01,3919
Santa Cruz,2016-09-01,3939
Santa Cruz,2016-10-01,3929
Santa Cruz,2016-11-01,3988
Santa Cruz,2016-12-01,3979
Santa Cruz,2017-01-01,3988
Santa Cruz,2017-02-01,3971
Santa Cruz,2017-03-01,3969
Santa Cruz,2017-04-01,3962
Santa Cruz,2017-05-01,3910
Santa Cruz,2017-06-01,3907
Santa Cruz,2017-07-01,3881
Santa Cruz,2017-08-01,3840
Santa Cruz,2017-09-01,3830
Santa Cruz,2017-10-01,3851
Santa Cruz,2017-11-01,3874
Santa Cruz,2017-12-01,3891
Santa Cruz,2018-01-01,3880
Santa Cruz,2018-02-01,3865
Santa Cruz,2018-03-01,3848
Santa Cruz,2018-04-01,3821
Santa Cruz,2018-05-01,3752
Santa Cruz,2018-06-01,3704
Santa Cruz,2018-07-01,3672
Santa Cruz,2018-08-01,3654
Santa Cruz,2018-09-01,3681
Santa Cruz,2018-10-01,3699
Santa Cruz,2018-11-01,3757
Santa Cruz,2018-12-01,3785
Santa Cruz,2019-01-01,3799
Santa Cruz,2019-02-01,3807
Santa Cruz,2019-03-01,3784
Santa Cruz,2019-04-01,3762
Santa Cruz,2019-05-01,3702
Santa Cruz,2019-06-01,3636
Santa Cruz,2019-07-01,3592
Santa Cruz,2019-08-01,3593
Santa Cruz,2019-09-01,3604
Santa Cruz,2019-10-01,3627
Santa Cruz,2019-11-01,3642
Santa Cruz,2019-12-01,3664
Santa Cruz,2020-01-01,3689
Santa Cruz,2020-02-01,3713
Santa Cruz,2020-03-01,3691
Santa Cruz,2020-04-01,3681
Santa Cruz,2020-05-01,3543
Santa Cruz,2020-06-01,3522
Santa Cruz,2020-07-01,3500
Santa Cruz,2020-08-01,3478
Santa Cruz,2020-09-01,3497
Santa Cruz,2020-10-01,3508
Santa Cruz,2020-11-01,3495
Santa Cruz,2020-12-01,3481
Santa Cruz,2021-01-01,3479
Santa Cruz,2021-02-01,3480
Santa Cruz,2021-03-01,3499
Santa Cruz,2021-04-01,3510
Santa Cruz,2021-05-01,3528
Santa Cruz,2021-06-01,3525
Santa Cruz,2021-07-01,3516
Santa Cruz,2021-08-01,3503
Santa Cruz,2021-09-01,3513
Santa Cruz,2021-10-01,3549
Santa Cruz,2021-11-01,3589
Santa Cruz,2021-12-01,3630
Santa Cruz,2022-01-01,3668
Santa Cruz,2022-02-01,3688
Santa Cruz,2022-03-01,3711
Santa Cruz,2022-04-01,3730
Santa Cruz,2022-05-01,3726
Santa Cruz,2022-06-01,3736
Santa Cruz,2022-07-01,3734
Santa Cruz,2022-08-01,3722
Santa Cruz,2022-09-01,3753
Santa Cruz,2022-10-01,3784
Santa Cruz,2022-11-01,3849
Santa Cruz,2022-12-01,3899
Santa Cruz,2023-01-01,3919
Santa Cruz,2023-02-01,3924
Santa Cruz,2023-03-01,3939
Santa Cruz,2023-04-01,3935
Santa Cruz,2023-05-01,3922
Santa Cruz,2023-06-01,3877
Santa Cruz,2023-07-01,3865
Santa Cruz,2023-08-01,3847
Santa Cruz,2023-09-01,3855
Santa Cruz,2023-10-01,3888
Santa Cruz,2023-11-01,3927
Santa Cruz,2023-12-01,3982
Santa Cruz,2024-01-01,4007
Santa Cruz,2024-02-01,3971
Santa Cruz,2024-03-01,3948
Santa Cruz,2024-04-01,3924
Santa Cruz,2024-05-01,3877
Santa Cruz,2024-06-01,3818
Santa Cruz,2024-07-01,3796
Santa Cruz,2024-08-01,3790
Santa Cruz,2024-09-01,3814
Santa Cruz,2024-10-01,3863
Santa Cruz,2024-11-01,3927
Santa Cruz,2024-12-01,3962
Santa Cruz,2025-01-01,3981
Santa Cruz,2025-02-01,3947
Santa Cruz,2025-03-01,3937
Santa Cruz,2025-04-01,3934
Santa Cruz,2025-05-01,3882
Santa Cruz,2025-06-01,3797
Santa Cruz,2025-07-01,3774
Santa Cruz,2025-08-01,3746
Santa Cruz,2025-09-01,3712
Santa Cruz,2025-10-01,3706
Santa Cruz,2025-11-01,3738
Santa Cruz,2025-12-01,3753
Santa Cruz,2026-01-01,3729
Santa Cruz,2026-02-01,3683
Santa Cruz,2026-03-01,3679
Santa Fe,2015-01-01,53523
Santa Fe,2015-02-01,53113
Santa Fe,2015-03-01,52931
Santa Fe,2015-04-01,53202
Santa Fe,2015-05-01,53395
Santa Fe,2015-06-01,53283
Santa Fe,2015-07-01,53274
Santa Fe,2015-08-01,53123
Santa Fe,2015-09-01,53039
Santa Fe,2015-10-01,53090
Santa Fe,2015-11-01,53205
Santa Fe,2015-12-01,53298
Santa Fe,2016-01-01,53340
Santa Fe,2016-02-01,52908
Santa Fe,2016-03-01,52781
Santa Fe,2016-04-01,53026
Santa Fe,2016-05-01,52971
Santa Fe,2016-06-01,52915
Santa Fe,2016-07-01,52712
Santa Fe,2016-08-01,52559
Santa Fe,2016-09-01,52713
Santa Fe,2016-10-01,52707
Santa Fe,2016-11-01,52680
Santa Fe,2016-12-01,52736
Santa Fe,2017-01-01,52754
Santa Fe,2017-02-01,52370
Santa Fe,2017-03-01,52218
Santa Fe,2017-04-01,52424
Santa Fe,2017-05-01,52232
Santa Fe,2017-06-01,52595
Santa Fe,2017-07-01,52421
Santa Fe,2017-08-01,52441
Santa Fe,2017-09-01,52437
Santa Fe,2017-10-01,52591
Santa Fe,2017-11-01,52659
Santa Fe,2017-12-01,52742
Santa Fe,2018-01-01,52609
Santa Fe,2018-02-01,52244
Santa Fe,2018-03-01,52130
Santa Fe,2018-04-01,52347
Santa Fe,2018-05-01,52408
Santa Fe,2018-06-01,52256
Santa Fe,2018-07-01,52105
Santa Fe,2018-08-01,51947
Santa Fe,2018-09-01,51913
Santa Fe,2018-10-01,51712
Santa Fe,2018-11-01,51784
Santa Fe,2018-12-01,51777
Santa Fe,2019-01-01,51626
Santa Fe,2019-02-01,51247
Santa Fe,2019-03-01,51022
Santa Fe,2019-04-01,51081
Santa Fe,2019-05-01,51069
Santa Fe,2019-06-01,50918
Santa Fe,2019-07-01,50711
Santa Fe,2019-08-01,50611
Santa Fe,2019-09-01,50610
Santa Fe,2019-10-01,50542
Santa Fe,2019-11-01,50519
Santa Fe,2019-12-01,50424
Santa Fe,2020-01-01,50343
Santa Fe,2020-02-01,49885
Santa Fe,2020-03-01,49814
Santa Fe,2020-04-01,50095
Santa Fe,2020-05-01,49883
Santa Fe,2020-06-01,49745
Santa Fe,2020-07-01,49593
Santa Fe,2020-08-01,49399
Santa Fe,2020-09-01,49411
Santa Fe,2020-10-01,49394
Santa Fe,2020-11-01,49282
Santa Fe,2020-12-01,49181
Santa Fe,2021-01-01,49195
Santa Fe,2021-02-01,48840
Santa Fe,2021-03-01,48818
Santa Fe,2021-04-01,49134
Santa Fe,2021-05-01,49386
Santa Fe,2021-06-01,49349
Santa Fe,2021-07-01,49140
Santa Fe,2021-08-01,49156
Santa Fe,2021-09-01,48928
Santa Fe,2021-10-01,49362
Santa Fe,2021-11-01,49447
Santa Fe,2021-12-01,49678
Santa Fe,2022-01-01,49875
Santa Fe,2022-02-01,49578
Santa Fe,2022-03-01,49689
Santa Fe,2022-04-01,50002
Santa Fe,2022-05-01,50230
Santa Fe,2022-06-01,50307
Santa Fe,2022-07-01,50318
Santa Fe,2022-08-01,50428
Santa Fe,2022-09-01,50502
Santa Fe,2022-10-01,50590
Santa Fe,2022-11-01,50765
Santa Fe,2022-12-01,50883
Santa Fe,2023-01-01,51049
Santa Fe,2023-02-01,50805
Santa Fe,2023-03-01,50738
Santa Fe,2023-04-01,50846
Santa Fe,2023-05-01,50849
Santa Fe,2023-06-01,50908
Santa Fe,2023-07-01,50862
Santa Fe,2023-08-01,50802
Santa Fe,2023-09-01,50765
Santa Fe,2023-10-01,50799
Santa Fe,2023-11-01,50674
Santa Fe,2023-12-01,50774
Santa Fe,2024-01-01,50746
Santa Fe,2024-02-01,50392
Santa Fe,2024-03-01,50100
Santa Fe,2024-04-01,49971
Santa Fe,2024-05-01,49818
Santa Fe,2024-06-01,49696
Santa Fe,2024-07-01,49504
Santa Fe,2024-08-01,49376
Santa Fe,2024-09-01,49363
Santa Fe,2024-10-01,49388
Santa Fe,2024-11-01,49339
Santa Fe,2024-12-01,49403
Santa Fe,2025-01-01,49426
Santa Fe,2025-02-01,49029
Santa Fe,2025-03-01,48979
Santa Fe,2025-04-01,49046
Santa Fe,2025-05-01,49124
Santa Fe,2025-06-01,49016
Santa Fe,2025-07-01,48736
Santa Fe,2025-08-01,48651
Santa Fe,2025-09-01,48492
Santa Fe,2025-10-01,48451
Santa Fe,2025-11-01,48372
Santa Fe,2025-12-01,48350
Santa Fe,2026-01-01,48141
Santa Fe,2026-02-01,47798
Santa Fe,2026-03-01,47656
Santiago del Estero,2015-01-01,4863
Santiago del Estero,2015-02-01,4846
Santiago del Estero,2015-03-01,4874
Santiago del Estero,2015-04-01,4902
Santiago del Estero,2015-05-01,4953
Santiago del Estero,2015-06-01,4942
Santiago del Estero,2015-07-01,4972
Santiago del Estero,2015-08-01,5017
Santiago del Estero,2015-09-01,5051
Santiago del Estero,2015-10-01,5078
Santiago del Estero,2015-11-01,5082
Santiago del Estero,2015-12-01,5068
Santiago del Estero,2016-01-01,5056
Santiago del Estero,2016-02-01,5015
Santiago del Estero,2016-03-01,5028
Santiago del Estero,2016-04-01,5122
Santiago del Estero,2016-05-01,5081
Santiago del Estero,2016-06-01,5055
Santiago del Estero,2016-07-01,5093
Santiago del Estero,2016-08-01,5133
Santiago del Estero,2016-09-01,5176
Santiago del Estero,2016-10-01,5207
Santiago del Estero,2016-11-01,5180
Santiago del Estero,2016-12-01,5168
Santiago del Estero,2017-01-01,5175
Santiago del Estero,2017-02-01,5190
Santiago del Estero,2017-03-01,5158
Santiago del Estero,2017-04-01,5143
Santiago del Estero,2017-05-01,5214
Santiago del Estero,2017-06-01,5200
Santiago del Estero,2017-07-01,5201
Santiago del Estero,2017-08-01,5215
Santiago del Estero,2017-09-01,5252
Santiago del Estero,2017-10-01,5277
Santiago del Estero,2017-11-01,5264
Santiago del Estero,2017-12-01,5244
Santiago del Estero,2018-01-01,5192
Santiago del Estero,2018-02-01,5177
Santiago del Estero,2018-03-01,5192
Santiago del Estero,2018-04-01,5237
Santiago del Estero,2018-05-01,5260
Santiago del Estero,2018-06-01,5234
Santiago del Estero,2018-07-01,5214
Santiago del Estero,2018-08-01,5256
Santiago del Estero,2018-09-01,5249
Santiago del Estero,2018-10-01,5284
Santiago del Estero,2018-11-01,5262
Santiago del Estero,2018-12-01,5247
Santiago del Estero,2019-01-01,5198
Santiago del Estero,2019-02-01,5157
Santiago del Estero,2019-03-01,5164
Santiago del Estero,2019-04-01,5167
Santiago del Estero,2019-05-01,5146
Santiago del Estero,2019-06-01,5109
Santiago del Estero,2019-07-01,5075
Santiago del Estero,2019-08-01,5073
Santiago del Estero,2019-09-01,5100
Santiago del Estero,2019-10-01,5108
Santiago del Estero,2019-11-01,5053
Santiago del Estero,2019-12-01,5012
Santiago del Estero,2020-01-01,5015
Santiago del Estero,2020-02-01,4967
Santiago del Estero,2020-03-01,4997
Santiago del Estero,2020-04-01,4990
Santiago del Estero,2020-05-01,4950
Santiago del Estero,2020-06-01,4970
Santiago del Estero,2020-07-01,4973
Santiago del Estero,2020-08-01,4958
Santiago del Estero,2020-09-01,4922
Santiago del Estero,2020-10-01,4933
Santiago del Estero,2020-11-01,4920
Santiago del Estero,2020-12-01,4888
Santiago del Estero,2021-01-01,4881
Santiago del Estero,2021-02-01,4835
Santiago del Estero,2021-03-01,4852
Santiago del Estero,2021-04-01,4862
Santiago del Estero,2021-05-01,4862
Santiago del Estero,2021-06-01,4833
Santiago del Estero,2021-07-01,4813
Santiago del Estero,2021-08-01,4852
Santiago del Estero,2021-09-01,4860
Santiago del Estero,2021-10-01,4889
Santiago del Estero,2021-11-01,4896
Santiago del Estero,2021-12-01,4902
Santiago del Estero,2022-01-01,4927
Santiago del Estero,2022-02-01,4959
Santiago del Estero,2022-03-01,4982
Santiago del Estero,2022-04-01,5039
Santiago del Estero,2022-05-01,5126
Santiago del Estero,2022-06-01,5150
Santiago del Estero,2022-07-01,5209
Santiago del Estero,2022-08-01,5283
Santiago del Estero,2022-09-01,5332
Santiago del Estero,2022-10-01,5379
Santiago del Estero,2022-11-01,5440
Santiago del Estero,2022-12-01,5441
Santiago del Estero,2023-01-01,5452
Santiago del Estero,2023-02-01,5438
Santiago del Estero,2023-03-01,5468
Santiago del Estero,2023-04-01,5493
Santiago del Estero,2023-05-01,5467
Santiago del Estero,2023-06-01,5489
Santiago del Estero,2023-07-01,5480
Santiago del Estero,2023-08-01,5471
Santiago del Estero,2023-09-01,5451
Santiago del Estero,2023-10-01,5456
Santiago del Estero,2023-11-01,5428
Santiago del Estero,2023-12-01,5416
Santiago del Estero,2024-01-01,5397
Santiago del Estero,2024-02-01,5346
Santiago del Estero,2024-03-01,5355
Santiago del Estero,2024-04-01,5282
Santiago del Estero,2024-05-01,5272
Santiago del Estero,2024-06-01,5240
Santiago del Estero,2024-07-01,5219
Santiago del Estero,2024-08-01,5247
Santiago del Estero,2024-09-01,5275
Santiago del Estero,2024-10-01,5237
Santiago del Estero,2024-11-01,5200
Santiago del Estero,2024-12-01,5191
Santiago del Estero,2025-01-01,5198
Santiago del Estero,2025-02-01,5157
Santiago del Estero,2025-03-01,5152
Santiago del Estero,2025-04-01,5175
Santiago del Estero,2025-05-01,5170
Santiago del Estero,2025-06-01,5178
Santiago del Estero,2025-07-01,5161
Santiago del Estero,2025-08-01,5172
Santiago del Estero,2025-09-01,5165
Santiago del Estero,2025-10-01,5161
Santiago del Estero,2025-11-01,5149
Santiago del Estero,2025-12-01,5123
Santiago del Estero,2026-01-01,5095
Santiago del Estero,2026-02-01,5077
Santiago del Estero,2026-03-01,5043
Tierra del Fuego,2015-01-01,2516
Tierra del Fuego,2015-02-01,2514
Tierra del Fuego,2015-03-01,2536
Tierra del Fuego,2015-04-01,2542
Tierra del Fuego,2015-05-01,2547
Tierra del Fuego,2015-06-01,2550
Tierra del Fuego,2015-07-01,2541
Tierra del Fuego,2015-08-01,2553
Tierra del Fuego,2015-09-01,2553
Tierra del Fuego,2015-10-01,2572
Tierra del Fuego,2015-11-01,2603
Tierra del Fuego,2015-12-01,2591
Tierra del Fuego,2016-01-01,2592
Tierra del Fuego,2016-02-01,2563
Tierra del Fuego,2016-03-01,2592
Tierra del Fuego,2016-04-01,2612
Tierra del Fuego,2016-05-01,2604
Tierra del Fuego,2016-06-01,2601
Tierra del Fuego,2016-07-01,2556
Tierra del Fuego,2016-08-01,2549
Tierra del Fuego,2016-09-01,2550
Tierra del Fuego,2016-10-01,2568
Tierra del Fuego,2016-11-01,2564
Tierra del Fuego,2016-12-01,2547
Tierra del Fuego,2017-01-01,2553
Tierra del Fuego,2017-02-01,2549
Tierra del Fuego,2017-03-01,2542
Tierra del Fuego,2017-04-01,2539
Tierra del Fuego,2017-05-01,2531
Tierra del Fuego,2017-06-01,2537
Tierra del Fuego,2017-07-01,2516
Tierra del Fuego,2017-08-01,2528
Tierra del Fuego,2017-09-01,2546
Tierra del Fuego,2017-10-01,2555
Tierra del Fuego,2017-11-01,2543
Tierra del Fuego,2017-12-01,2538
Tierra del Fuego,2018-01-01,2531
Tierra del Fuego,2018-02-01,2498
Tierra del Fuego,2018-03-01,2501
Tierra del Fuego,2018-04-01,2517
Tierra del Fuego,2018-05-01,2509
Tierra del Fuego,2018-06-01,2476
Tierra del Fuego,2018-07-01,2464
Tierra del Fuego,2018-08-01,2450
Tierra del Fuego,2018-09-01,2447
Tierra del Fuego,2018-10-01,2433
Tierra del Fuego,2018-11-01,2433
Tierra del Fuego,2018-12-01,2442
Tierra del Fuego,2019-01-01,2405
Tierra del Fuego,2019-02-01,2401
Tierra del Fuego,2019-03-01,2416
Tierra del Fuego,2019-04-01,2399
Tierra del Fuego,2019-05-01,2375
Tierra del Fuego,2019-06-01,2360
Tierra del Fuego,2019-07-01,2360
Tierra del Fuego,2019-08-01,2362
Tierra del Fuego,2019-09-01,2359
Tierra del Fuego,2019-10-01,2371
Tierra del Fuego,2019-11-01,2378
Tierra del Fuego,2019-12-01,2386
Tierra del Fuego,2020-01-01,2404
Tierra del Fuego,2020-02-01,2384
Tierra del Fuego,2020-03-01,2383
Tierra del Fuego,2020-04-01,2376
Tierra del Fuego,2020-05-01,2326
Tierra del Fuego,2020-06-01,2307
Tierra del Fuego,2020-07-01,2303
Tierra del Fuego,2020-08-01,2303
Tierra del Fuego,2020-09-01,2305
Tierra del Fuego,2020-10-01,2315
Tierra del Fuego,2020-11-01,2310
Tierra del Fuego,2020-12-01,2300
Tierra del Fuego,2021-01-01,2297
Tierra del Fuego,2021-02-01,2301
Tierra del Fuego,2021-03-01,2312
Tierra del Fuego,2021-04-01,2326
Tierra del Fuego,2021-05-01,2333
Tierra del Fuego,2021-06-01,2331
Tierra del Fuego,2021-07-01,2329
Tierra del Fuego,2021-08-01,2334
Tierra del Fuego,2021-09-01,2333
Tierra del Fuego,2021-10-01,2360
Tierra del Fuego,2021-11-01,2375
Tierra del Fuego,2021-12-01,2394
Tierra del Fuego,2022-01-01,2403
Tierra del Fuego,2022-02-01,2388
Tierra del Fuego,2022-03-01,2427
Tierra del Fuego,2022-04-01,2447
Tierra del Fuego,2022-05-01,2448
Tierra del Fuego,2022-06-01,2448
Tierra del Fuego,2022-07-01,2445
Tierra del Fuego,2022-08-01,2475
Tierra del Fuego,2022-09-01,2500
Tierra del Fuego,2022-10-01,2516
Tierra del Fuego,2022-11-01,2546
Tierra del Fuego,2022-12-01,2562
Tierra del Fuego,2023-01-01,2563
Tierra del Fuego,2023-02-01,2552
Tierra del Fuego,2023-03-01,2563
Tierra del Fuego,2023-04-01,2578
Tierra del Fuego,2023-05-01,2571
Tierra del Fuego,2023-06-01,2562
Tierra del Fuego,2023-07-01,2560
Tierra del Fuego,2023-08-01,2576
Tierra del Fuego,2023-09-01,2605
Tierra del Fuego,2023-10-01,2604
Tierra del Fuego,2023-11-01,2625
Tierra del Fuego,2023-12-01,2645
Tierra del Fuego,2024-01-01,2639
Tierra del Fuego,2024-02-01,2609
Tierra del Fuego,2024-03-01,2592
Tierra del Fuego,2024-04-01,2569
Tierra del Fuego,2024-05-01,2542
Tierra del Fuego,2024-06-01,2539
Tierra del Fuego,2024-07-01,2540
Tierra del Fuego,2024-08-01,2526
Tierra del Fuego,2024-09-01,2525
Tierra del Fuego,2024-10-01,2519
Tierra del Fuego,2024-11-01,2523
Tierra del Fuego,2024-12-01,2508
Tierra del Fuego,2025-01-01,2509
Tierra del Fuego,2025-02-01,2490
Tierra del Fuego,2025-03-01,2483
Tierra del Fuego,2025-04-01,2475
Tierra del Fuego,2025-05-01,2467
Tierra del Fuego,2025-06-01,2449
Tierra del Fuego,2025-07-01,2420
Tierra del Fuego,2025-08-01,2397
Tierra del Fuego,2025-09-01,2383
Tierra del Fuego,2025-10-01,2386
Tierra del Fuego,2025-11-01,2368
Tierra del Fuego,2025-12-01,2363
Tierra del Fuego,2026-01-01,2350
Tierra del Fuego,2026-02-01,2340
Tierra del Fuego,2026-03-01,2322
Tucumán,2015-01-01,11354
Tucumán,2015-02-01,11253
Tucumán,2015-03-01,11267
Tucumán,2015-04-01,11304
Tucumán,2015-05-01,11318
Tucumán,2015-06-01,11308
Tucumán,2015-07-01,11416
Tucumán,2015-08-01,11526
Tucumán,2015-09-01,11545
Tucumán,2015-10-01,11599
Tucumán,2015-11-01,11651
Tucumán,2015-12-01,11496
Tucumán,2016-01-01,11380
Tucumán,2016-02-01,11302
Tucumán,2016-03-01,11317
Tucumán,2016-04-01,11331
Tucumán,2016-05-01,11344
Tucumán,2016-06-01,11433
Tucumán,2016-07-01,11476
Tucumán,2016-08-01,11566
Tucumán,2016-09-01,11663
Tucumán,2016-10-01,11645
Tucumán,2016-11-01,11633
Tucumán,2016-12-01,11536
Tucumán,2017-01-01,11398
Tucumán,2017-02-01,11325
Tucumán,2017-03-01,11264
Tucumán,2017-04-01,11298
Tucumán,2017-05-01,11241
Tucumán,2017-06-01,11387
Tucumán,2017-07-01,11446
Tucumán,2017-08-01,11520
Tucumán,2017-09-01,11569
Tucumán,2017-10-01,11629
Tucumán,2017-11-01,11598
Tucumán,2017-12-01,11512
Tucumán,2018-01-01,11354
Tucumán,2018-02-01,11283
Tucumán,2018-03-01,11280
Tucumán,2018-04-01,11297
Tucumán,2018-05-01,11316
Tucumán,2018-06-01,11361
Tucumán,2018-07-01,11420
Tucumán,2018-08-01,11469
Tucumán,2018-09-01,11434
Tucumán,2018-10-01,11349
Tucumán,2018-11-01,11269
Tucumán,2018-12-01,11130
Tucumán,2019-01-01,11035
Tucumán,2019-02-01,10952
Tucumán,2019-03-01,10935
Tucumán,2019-04-01,10852
Tucumán,2019-05-01,10880
Tucumán,2019-06-01,10917
Tucumán,2019-07-01,10923
Tucumán,2019-08-01,10985
Tucumán,2019-09-01,10998
Tucumán,2019-10-01,10984
Tucumán,2019-11-01,10893
Tucumán,2019-12-01,10750
Tucumán,2020-01-01,10718
Tucumán,2020-02-01,10568
Tucumán,2020-03-01,10566
Tucumán,2020-04-01,10553
Tucumán,2020-05-01,10551
Tucumán,2020-06-01,10622
Tucumán,2020-07-01,10662
Tucumán,2020-08-01,10614
Tucumán,2020-09-01,10600
Tucumán,2020-10-01,10563
Tucumán,2020-11-01,10431
Tucumán,2020-12-01,10339
Tucumán,2021-01-01,10308
Tucumán,2021-02-01,10241
Tucumán,2021-03-01,10253
Tucumán,2021-04-01,10294
Tucumán,2021-05-01,10337
Tucumán,2021-06-01,10357
Tucumán,2021-07-01,10374
Tucumán,2021-08-01,10396
Tucumán,2021-09-01,10356
Tucumán,2021-10-01,10402
Tucumán,2021-11-01,10344
Tucumán,2021-12-01,10284
Tucumán,2022-01-01,10324
Tucumán,2022-02-01,10311
Tucumán,2022-03-01,10300
Tucumán,2022-04-01,10329
Tucumán,2022-05-01,10397
Tucumán,2022-06-01,10487
Tucumán,2022-07-01,10557
Tucumán,2022-08-01,10606
Tucumán,2022-09-01,10624
Tucumán,2022-10-01,10645
Tucumán,2022-11-01,10617
Tucumán,2022-12-01,10557
Tucumán,2023-01-01,10617
Tucumán,2023-02-01,10560
Tucumán,2023-03-01,10579
Tucumán,2023-04-01,10546
Tucumán,2023-05-01,10552
Tucumán,2023-06-01,10598
Tucumán,2023-07-01,10586
Tucumán,2023-08-01,10560
Tucumán,2023-09-01,10561
Tucumán,2023-10-01,10535
Tucumán,2023-11-01,10473
Tucumán,2023-12-01,10506
Tucumán,2024-01-01,10472
Tucumán,2024-02-01,10469
Tucumán,2024-03-01,10447
Tucumán,2024-04-01,10406
Tucumán,2024-05-01,10371
Tucumán,2024-06-01,10440
Tucumán,2024-07-01,10459
Tucumán,2024-08-01,10515
Tucumán,2024-09-01,10528
Tucumán,2024-10-01,10524
Tucumán,2024-11-01,10497
Tucumán,2024-12-01,10475
Tucumán,2025-01-01,10511
Tucumán,2025-02-01,10459
Tucumán,2025-03-01,10457
Tucumán,2025-04-01,10444
Tucumán,2025-05-01,10471
Tucumán,2025-06-01,10524
Tucumán,2025-07-01,10507
Tucumán,2025-08-01,10459
Tucumán,2025-09-01,10458
Tucumán,2025-10-01,10411
Tucumán,2025-11-01,10354
Tucumán,2025-12-01,10289
Tucumán,2026-01-01,10213
Tucumán,2026-02-01,10204
Tucumán,2026-03-01,10183
