fecha,la_rioja_region,pob_NBI_TOT,pob_NBI_HAC,pob_NBI_VIV,pob_NBI_SAN,pob_NBI_ESC,pob_NBI_SUB,pob_base,pct_pob_NBI_TOT,pct_pob_NBI_HAC,pct_pob_NBI_VIV,pct_pob_NBI_SAN,pct_pob_NBI_ESC,pct_pob_NBI_SUB
2007-Q1,1. Resto país,9262638,1834178,145090,209630,8581078,281627,21801989,42.48528884222444,8.412892970453292,0.6654897404085471,0.9615177771165742,39.35915204800809,1.2917491151839404
2007-Q1,2. NOA-Resto,1140609,271192,19257,87331,1056007,35113,2127635,53.60924218674725,12.746171218277572,0.9050894537831912,4.104604408180915,49.632902260021105,1.6503300613122083
2007-Q1,3. La Rioja,84625,16807,1718,2275,80812,2070,168426,50.2446178143517,9.978863120895824,1.0200325365442389,1.3507415719663236,47.980715566480235,1.2290263973495779
2007-Q2,1. Resto país,9165033,1662335,153882,256291,8476271,255644,21851182,41.9429621701929,7.607528965709956,0.7042273502641642,1.1728930727866345,38.790903851333994,1.1699321345637046
2007-Q2,2. NOA-Resto,1139998,258126,18231,90221,1048149,32547,2135681,53.37866469758358,12.08635559336811,0.8536387222623603,4.224460488247074,49.07797559654274,1.5239635507362757
2007-Q2,3. La Rioja,90922,22380,210,2197,85945,2975,169347,53.689761259425914,13.215468830271574,0.12400573969423728,1.2973362386106633,50.75082522867249,1.7567479790016949
2008-Q1,1. Resto país,9234860,1579487,130454,199419,8651582,261958,22002808,41.971279302169066,7.178570117050515,0.592897052048993,0.9063343187833117,39.32035402026868,1.1905662222749023
2008-Q1,2. NOA-Resto,1142452,244612,21765,100144,1045395,35632,2159185,52.911260498753,11.328904193017273,1.0080192294777892,4.638046299877037,48.416184810472465,1.650252294268439
2008-Q1,3. La Rioja,91932,19125,1025,944,89511,1736,172435,53.31400237770754,11.091135790297793,0.5944268854930843,0.5474526633224114,51.90999507060632,1.0067561689912141
2008-Q2,1. Resto país,9050080,1495152,163106,185144,8518225,265328,22051592,41.04048360771413,6.780245163251705,0.7396563477140335,0.8395947104408608,38.62861692706812,1.2032147157447861
2008-Q2,2. NOA-Resto,1155705,246225,29001,98121,1064007,33930,2166973,53.33269034731859,11.362624268968741,1.3383184746648897,4.528021345905095,49.10107324825921,1.565778622991611
2008-Q2,3. La Rioja,91487,22579,1109,565,86262,3211,173408,52.75823491419081,13.020737220889464,0.6395322015131942,0.3258211847204281,49.74510979885588,1.8517023436058315
2008-Q3,1. Resto país,9440985,1629546,159231,186687,8906378,193670,22102006,42.71551188611568,7.372842085012556,0.7204368689430272,0.8446608873420811,40.29669524114689,0.8762553046090025
2008-Q3,2. NOA-Resto,1178120,259129,32621,99155,1086983,34545,2174891,54.16915146552172,11.914574109691015,1.4998912589182631,4.559079052697354,49.97873456646793,1.5883554624116794
2008-Q3,3. La Rioja,94521,21189,480,1098,88274,1406,174434,54.187257071442495,12.147287799396906,0.27517571115722855,0.6294644392721602,50.60595984727748,0.8060355205980486
2008-Q4,1. Resto país,9378389,1601574,79669,158536,8922221,283725,22152776,42.33505092093199,7.229676316864306,0.3596343862277125,0.7156484586852682,40.275859783893445,1.2807649930645262
2008-Q4,2. NOA-Resto,1148582,245492,26352,93898,1061060,42368,2182667,52.622869177936906,11.24734098238531,1.2073302982085679,4.301984682042657,48.61300418249783,1.9411114934160822
2008-Q4,3. La Rioja,95167,19507,266,2185,90305,2440,175455,54.240118548915675,11.117950471630902,0.15160582485537602,1.2453335613120173,51.4690376449802,1.3906699723575844
2009-Q1,1. Resto país,9187546,1473292,114781,171436,8590019,304154,22202529,41.38062830590155,6.6356945193045345,0.5169726385674354,0.7721462721656618,38.689371827867,1.369907004738064
2009-Q1,2. NOA-Resto,1152611,237356,22807,73479,1048478,44253,2190727,52.61317361770773,10.834576832257055,1.0410699279280349,3.35409204341755,47.859820050604206,2.0200143605296326
2009-Q1,3. La Rioja,91210,23140,102,1209,86881,2637,176427,51.69843618040323,13.11590629552166,0.05781428012719142,0.6852692615075924,49.244730115005076,1.4946691832882724
2009-Q2,1. Resto país,9270764,1487901,100940,138166,8624220,324120,22251818,41.662950865407936,6.68664915379049,0.4536258565479908,0.6209200524649267,38.757372543672616,1.45660008544021
2009-Q2,2. NOA-Resto,1154414,270805,21445,67125,1041952,40174,2198325,52.513345387965835,12.31869718990595,0.9755154492625066,3.053461157927058,47.39754130986092,1.8274822876508252
2009-Q2,3. La Rioja,92131,22969,652,973,86216,446,177425,51.92672960405805,12.945751726081442,0.36747921657038185,0.5484007327039594,48.59292658869945,0.2513738199239115
2009-Q3,1. Resto país,9325384,1553894,89631,139547,8779348,305623,22301608,41.81485030137737,6.96763210975639,0.4019037551014259,0.6257261808206834,39.366434922540115,1.3704079096000612
2009-Q3,2. NOA-Resto,1166044,284906,27417,67046,1076372,38703,2206238,52.852140158949304,12.913656640851984,1.242703643033979,3.038928710320464,48.787664794097466,1.754253167609297
2009-Q3,3. La Rioja,94850,15218,1105,2296,91531,1338,178464,53.14797382105074,8.527209969517662,0.6191724941724942,1.2865339788416712,51.28821499013807,0.7497310381925766
2009-Q4,1. Resto país,9058186,1338590,123689,124232,8590498,286576,22351840,40.52546009635001,5.988723970822984,0.5533727872067803,0.5558021174095734,38.43306859748459,1.2821136872848051
2009-Q4,2. NOA-Resto,1149526,248391,29341,61946,1049844,37540,2214039,51.91986229691528,11.218908068015063,1.32522507507772,2.797873027530229,47.41759291502996,1.6955437551009718
2009-Q4,3. La Rioja,95611,22177,203,2864,90080,640,179463,53.27616277449948,12.357421864116837,0.11311523823852271,1.5958721296311775,50.1941904459415,0.356619470308643
2010-Q1,1. Resto país,9008174,1486651,151422,194264,8449277,221840,22401549,40.21228174890942,6.636375904184126,0.6759443286712004,0.8671900322607156,37.71737838307521,0.9902886626277495
2010-Q1,2. NOA-Resto,1135066,245449,21435,54130,1045969,40725,2221839,51.08677991519638,11.047110074132284,0.964741369649196,2.4362701347847437,47.076723380947044,1.8329410906910897
2010-Q1,3. La Rioja,84455,20139,0,504,79559,707,180367,46.82397556093964,11.165567980839066,0,0.2794302727217285,44.10951005449999,0.39197857701242467
2010-Q2,1. Resto país,9239721,1654351,87811,157415,8585477,288137,22449473,41.157852569634926,7.369219758521725,0.39114949379880765,0.7011968610577184,38.24355698683885,1.2834911536676161
2010-Q2,2. NOA-Resto,1148794,270983,20497,35517,1055051,31635,2229391,51.52949841458946,12.155023501933936,0.9193990645875937,1.5931256562890943,47.32462811592942,1.4189973853846185
2010-Q2,3. La Rioja,86586,16955,162,791,81178,438,181414,47.72840023371956,9.346026216278789,0.08929851058903943,0.43601927083907527,44.74737341109286,0.24143671381481033
2010-Q3,1. Resto país,9209145,1500336,98634,122915,8654183,254993,22499498,40.93044653707385,6.668308777378056,0.4383831141477023,0.5463010774729284,38.46389372776228,1.1333275080181788
2010-Q3,2. NOA-Resto,1149603,277069,23508,46357,1055692,28939,2237145,51.387058058373505,12.38493705146515,1.0508035911842997,2.07214999474777,47.1892523730022,1.2935683650366874
2010-Q3,3. La Rioja,92854,14417,130,2618,88742,2430,182441,50.895357951337694,7.902280737334262,0.07125591287046223,1.4349844607297702,48.6414786150043,1.3319374482709478
2010-Q4,1. Resto país,9242446,1392190,150798,124985,8694406,229144,22548893,40.98846892395117,6.174094666199356,0.6687601027686814,0.5542844165343284,38.5580170166225,1.0162095318825628
2010-Q4,2. NOA-Resto,1126645,243490,35496,51808,1034112,35674,2244864,50.187672838978216,10.846536805793134,1.581209373930893,2.3078458205040486,46.06568593910366,1.589138584787319
2010-Q4,3. La Rioja,92053,26543,0,1853,86890,911,183413,50.18891790658241,14.471711383598763,0,1.010288256557605,47.37395931586092,0.4966932551127783
2011-Q1,1. Resto país,9384340,1499848,129485,174641,8721715,279750,22598176,41.52697987660597,6.6370312365033355,0.5729887226296494,0.7728101595456199,38.59477419770516,1.2379317693605005
2011-Q1,2. NOA-Resto,1111050,251370,27338,37551,1030119,33385,2252572,49.32361762465307,11.159243744484083,1.2136349026801363,1.6670277354064598,45.730791291021994,1.4820835915566737
2011-Q1,3. La Rioja,86413,23637,468,1069,80054,1727,184453,46.848248605335776,12.814646549527522,0.2537231706722038,0.5795514304456962,43.40075791665085,0.9362818712625981
2011-Q2,1. Resto país,9258919,1441035,107857,129909,8657845,237736,22646275,40.884953485727785,6.3632319222476985,0.4762681721386851,0.5736440098868357,38.230768636343065,1.0497797099081416
2011-Q2,2. NOA-Resto,1132065,267854,23936,32321,1021994,27283,2260163,50.08775915719353,11.85109215574275,1.0590386622557755,1.4300296040595302,45.21771217385649,1.207125326801651
2011-Q2,3. La Rioja,86964,18991,277,2139,82939,3023,185395,46.90741390005124,10.243534075892015,0.14941071765689473,1.1537527980797757,44.736373688610804,1.6305725612880608
2011-Q3,1. Resto país,9305852,1471978,85423,103092,8850806,194733,22695413,41.00322827348416,6.485795169270549,0.37638883240415144,0.45424156854955666,38.99821519000337,0.8580280076859583
2011-Q3,2. NOA-Resto,1116177,243298,24736,37927,1027443,41706,2267953,49.215173330311515,10.727647354244112,1.0906751594940458,1.672300969199979,45.302658388423396,1.8389269971644033
2011-Q3,3. La Rioja,91807,16156,217,1266,88504,440,186424,49.246341672746,8.666266145989788,0.1164013217182337,0.6790971119598336,47.47457408917307,0.23602111316139554
2011-Q4,1. Resto país,9251200,1336797,119800,109149,8702315,267540,22744827,40.673863995536216,5.8773671921092205,0.5267131730656821,0.4798849426289328,38.26063394546813,1.1762674651251468
2011-Q4,2. NOA-Resto,1131964,231046,19765,38736,1060298,26288,2275438,49.74708166076158,10.153913224618732,0.8686239748127613,1.7023535688513596,46.59753418902207,1.155294057671534
2011-Q4,3. La Rioja,96592,22216,104,1395,93688,1100,187377,51.549549838027076,11.856311073397482,0.05550307668497201,0.7444883843801534,49.99973315828517,0.5870517726295117
2012-Q1,1. Resto país,9161537,1598809,115819,82055,8476359,260615,22793966,40.1928168182755,7.014176471088884,0.5081125417138904,0.3599856207559492,37.186854626351554,1.1433508324088928
2012-Q1,2. NOA-Resto,1132401,268369,23008,38478,1038566,19078,2283400,49.59275641587107,11.753043706753088,1.0076202154681615,1.6851186826661997,45.48331435578523,0.8355084523079618
2012-Q1,3. La Rioja,96974,25021,193,1900,90911,86,188406,51.470759954566205,13.280362621147946,0.10243835122023714,1.0084604524272052,48.252709574005074,0.045646104688810335
2012-Q2,1. Resto país,9413649,1493315,116611,64422,8821969,247017,22841683,41.21258928249726,6.537675004070409,0.5105184237080954,0.28203701102059775,38.62223724933053,1.0814308210126198
2012-Q2,2. NOA-Resto,1111604,247002,33461,38185,1026772,21918,2290959,48.5213397533522,10.78159844850999,1.4605673868454214,1.66676924379703,44.8184362967648,0.9567172524693808
2012-Q2,3. La Rioja,95826,26166,395,1270,91891,1692,189360,50.60519645120406,13.818124207858048,0.2085973806506126,0.6706801858893113,48.52714406421631,0.8935361216730038
2012-Q3,1. Resto país,9561353,1464826,131384,70086,9024602,187074,22890925,41.76918582363972,6.399155997409453,0.573956709918887,0.30617373478791265,39.424365769404254,0.8172408934981876
2012-Q3,2. NOA-Resto,1121985,194668,32886,46886,1028514,25448,2298542,48.81289965552076,8.469194820020691,1.4307330472969386,2.039814804341187,44.74636530461484,1.1071366109472875
2012-Q3,3. La Rioja,91901,19104,408,0,88357,2805,190354,48.278995975918555,10.036038118452987,0.21433749750464923,0,46.41720163484875,1.4735702953444636
2012-Q4,1. Resto país,9299614,1446233,175561,84135,8783015,203343,22939532,40.53968494213395,6.304544486783775,0.7653207571976621,0.3667685984177881,38.28768171905163,0.886430464230918
2012-Q4,2. NOA-Resto,1164678,231822,22940,38019,1072194,25065,2306211,50.501797103560776,10.052072425289794,0.9947051679139507,1.6485482030915644,46.49158294709374,1.0868476475049333
2012-Q4,3. La Rioja,98310,20747,324,0,94627,1281,191269,51.398815281096255,10.847026962027302,0.16939493592793395,0,49.47325494460681,0.6697373855669241
2013-Q1,1. Resto país,9263520,1442928,87970,70249,8689290,214262,22988498,40.29632557986172,6.276738915261014,0.38266962895966494,0.30558325298155625,37.79842423806897,0.9320400140974847
2013-Q1,2. NOA-Resto,1148277,228206,17801,38062,1073993,23661,2313913,49.62489946683389,9.862341410416036,0.7693029081041508,1.6449192342149426,46.41457997772604,1.0225535705102138
2013-Q1,3. La Rioja,90921,27120,111,110,86502,866,192308,47.27884435384904,14.1023774361961,0.057719907648147765,0.05719990848014644,44.98096803045115,0.4503192794891528
2013-Q2,1. Resto país,9288468,1358798,215268,88512,8648996,177145,23035776,40.32192360266048,5.898642181622186,0.9344942406107787,0.38423711013685846,37.54592855912473,0.7689994901843116
2013-Q2,2. NOA-Resto,1129700,209928,18394,41187,1070392,12380,2321263,48.6674711137859,9.043697332012787,0.7924134404416906,1.7743357818566876,46.11248273030674,0.5333303464536332
2013-Q2,3. La Rioja,94316,23831,208,822,89157,1141,193233,48.809468362029264,12.332779597687765,0.10764206941878457,0.4253931781838506,46.13963453447393,0.5904788519559289
2013-Q3,1. Resto país,9489542,1393609,195487,100464,8869927,226887,23084476,41.1078943269061,6.036996464637101,0.8468331704821889,0.4352015614302876,38.42377448810188,0.9828553180067852
2013-Q3,2. NOA-Resto,1107558,200896,15504,30755,1040998,30828,2328944,47.556231493758546,8.626055413955854,0.6657094374102598,1.3205555822724806,44.6982838574049,1.3236900500827844
2013-Q3,3. La Rioja,108704,19721,288,658,104619,976,194281,55.95194589280476,10.15076101111277,0.1482388910907397,0.33868468867259277,53.84932134382673,0.5023651309186179
2013-Q4,1. Resto país,10124910,1919225,117730,68169,9359001,269639,23499293,43.08601965174016,8.167160603512624,0.5009937958559009,0.2900895784396577,39.826734361752926,1.1474345206896224
2013-Q4,2. NOA-Resto,1133409,243945,11126,34585,1061735,21858,2367473,47.87421018106648,10.304024586552835,0.4699525612330109,1.4608403137015713,44.84676277195136,0.9232629052158146
2013-Q4,3. La Rioja,104331,18225,256,0,100339,502,196105,53.20160118303969,9.293490732005813,0.13054231151678947,0,51.16595701282476,0.2559853139899544
2014-Q1,1. Resto país,10115456,1566353,138492,47658,9548290,203117,23738822,42.61144887475882,6.598276022289565,0.5833987887014781,0.20075975126314186,40.22225702690723,0.8556321792210245
2014-Q1,2. NOA-Resto,1156179,207265,6366,35521,1098805,22620,2390613,48.363285901984135,8.669952016491168,0.2662915327574978,1.4858532100344137,45.963315685140174,0.9462008279884699
2014-Q1,3. La Rioja,93514,10739,78,0,89707,832,197556,47.33543906537893,5.435927028285651,0.039482475854947456,0,45.408390532304765,0.42114640911943957
2014-Q2,1. Resto país,10228925,1544400,39039,72370,9753262,215691,23981363,42.653643164485686,6.440000929054783,0.16278891237332924,0.30177600831112056,40.67017375117503,0.899410930062649
2014-Q2,2. NOA-Resto,1171786,171254,7178,28927,1107859,38763,2413176,48.55783415714395,7.096622873756411,0.2974503310160552,1.1987107446783825,45.908752614811355,1.6063063779848632
2014-Q2,3. La Rioja,94012,13760,192,104,90190,749,199026,47.23603951242551,6.913669570809844,0.09646980796478852,0.052254479314260444,45.31568739762644,0.37633274044597187
2014-Q3,1. Resto país,10265005,1480492,32115,80458,9750187,272934,24039198,42.70111257455428,6.158658038425409,0.1335943070979323,0.33469502601542694,40.55953530562875,1.13537065587629
2014-Q3,2. NOA-Resto,1167385,195962,13473,13015,1088016,31201,2420645,48.22619591059408,8.095445635357517,0.5565871906041572,0.537666613650494,44.947359071652386,1.2889539771424559
2014-Q3,3. La Rioja,95346,16225,1026,325,91212,198,199929,47.68992992512342,8.115380960240886,0.5131821796737842,0.16255770798633515,45.62219587953724,0.09903515748090572
2014-Q4,1. Resto país,10342677,1443909,46550,68237,9819977,247227,24096424,42.922041046422486,5.992212786428393,0.19318219168122208,0.28318309803977554,40.75283950846815,1.0259904125193016
2014-Q4,2. NOA-Resto,1163386,209734,8965,28150,1102380,21501,2427763,47.92008116113476,8.638981646890574,0.3692699822841027,1.1595036253538753,45.40723291359165,0.8856301047507521
2014-Q4,3. La Rioja,96555,17008,884,0,90938,890,200933,48.05333120990579,8.464513046637437,0.4399476442396221,0,45.25787202699407,0.442933714223149
2015-Q1,1. Resto país,10319147,1532198,41995,38038,9790396,282125,24150002,42.72938362489577,6.344504650558622,0.17389232514349273,0.1575072333327343,40.53993867164069,1.1682193649507773
2015-Q1,2. NOA-Resto,1112748,190778,7951,36885,1053402,29713,2434687,45.70394469597119,7.835832696358916,0.32657175234434654,1.5149791328413056,43.26642397975592,1.2204032797645037
2015-Q1,3. La Rioja,91996,11723,288,0,88142,0,201847,45.57709552284651,5.80786437251978,0.14268232869450623,0,43.66772852705267,0
2015-Q2,1. Resto país,10397263,1366701,27934,63526,9868340,278073,24203885,42.95700049806054,5.646618301152893,0.11541122427246701,0.26246199731985176,40.77171908559308,1.1488775458981069
2015-Q2,2. NOA-Resto,1166409,196586,12733,32636,1107178,14219,2441475,47.77476730255276,8.05193581748738,0.5215289937435361,1.3367329176010403,45.34873385965451,0.5823938397894716
2015-Q2,3. La Rioja,95933,11945,605,178,94219,0,202781,47.30867290327989,5.8905913275898625,0.29835142345683274,0.0877794270666384,46.463426060626986,0
2016-Q2,1. Resto país,9600290,1252605,89526,66235,8998581,259562,24595514,39.0326870176407,5.092818958774352,0.3639932062407803,0.26929707588139856,36.58626934976842,1.0553225275145703
2016-Q2,2. NOA-Resto,1121931,185637,11220,30660,1035665,12551,2403859,46.6720801844035,7.722457931184816,0.4667495056906416,1.2754491839995608,43.08343376212997,0.5221188097970804
2016-Q2,3. La Rioja,98877,9968,0,0,96212,242,201357,49.105320401078686,4.9504114582557355,0,0,47.78180048371797,0.12018454784288601
2016-Q3,1. Resto país,9658911,1201868,59571,56615,9156263,276246,24660532,39.16748835750989,4.873649927746896,0.2415641317064855,0.22957736678186827,37.12921927231741,1.120194811693438
2016-Q3,2. NOA-Resto,1124696,166381,12028,21642,1044595,19445,2409690,46.67388751250161,6.904664085421776,0.4991513431188244,0.898123825056335,43.349766982474925,0.8069502716117011
2016-Q3,3. La Rioja,99827,12211,0,0,96852,1156,202181,49.37506491707925,6.039637750332623,0,0,47.903611120728456,0.5717649037248802
2016-Q4,1. Resto país,9714715,1394605,55107,49095,9162922,297007,24725860,39.28969508037334,5.640268933011835,0.22287192437391462,0.19855729992809146,37.058051772516706,1.201199877375347
2016-Q4,2. NOA-Resto,1124351,151605,9614,22882,1060150,31725,2415832,46.54094324439779,6.27547776501015,0.3979581361617861,0.9471685117177022,43.88343229164942,1.313212177005686
2016-Q4,3. La Rioja,97786,16034,97,0,95524,639,203138,48.1377191859721,7.893156376453446,0.04775079010327954,0,47.02419045181108,0.3145644832576869
2017-Q1,1. Resto país,9546923,1421294,89170,61056,9069716,236134,24790882,38.50981582664142,5.733132044273375,0.35968869522270325,0.24628409751617553,36.5848863303855,0.9525034244445195
2017-Q1,2. NOA-Resto,1117050,154177,6358,42043,1049243,23379,2421606,46.12847837344308,6.366725222847978,0.2625530329871994,1.7361618694370595,43.32839446218749,0.9654336832663942
2017-Q1,3. La Rioja,90316,17191,481,0,85009,1571,204009,44.27059590508262,8.426589023033298,0.23577391193525776,0,41.66924008254538,0.7700640658010186
2017-Q2,1. Resto país,9676189,1327383,74633,74459,9199397,231762,24854622,38.93114528154965,5.340588161026951,0.3002781534959574,0.29957808249910217,37.01282200147723,0.9324704274319682
2017-Q2,2. NOA-Resto,1099418,155735,10063,37703,1043855,32831,2426815,45.30291761011861,6.417258835139885,0.4146587193502595,1.5536000890055484,43.013373495713516,1.3528431297812151
2017-Q2,3. La Rioja,85599,12417,0,0,82033,108,205012,41.75316566835112,6.056718631104521,0,0,40.01375529237313,0.05267984313113379
2017-Q3,1. Resto país,9771099,1254211,60726,60610,9252738,233863,24919273,39.21101149299179,5.033096270505163,0.24369089740298605,0.24322539425608447,37.13085048668956,0.9384824348607601
2017-Q3,2. NOA-Resto,1056072,124863,17350,28316,1003679,18792,2433104,43.40430988564402,5.131839822712058,0.7130809040632871,1.1637809152424228,41.25096995442858,0.7723467636401897
2017-Q3,3. La Rioja,92084,11480,282,1122,89279,0,205762,44.7526754211176,5.579261476851896,0.13705154498887065,0.5452901896365704,43.38944994702618,0
2017-Q4,1. Resto país,9510139,1333269,49016,38240,8939317,176546,24982973,38.06648231977835,5.336710726941905,0.19619762627930631,0.15306424899870805,35.78163815811673,0.706665295599527
2017-Q4,2. NOA-Resto,1079258,118523,10987,14191,1021693,27849,2438835,44.25301424655624,4.8598203650513465,0.45050198147886183,0.5818761826855855,41.89266596551222,1.1418976683539477
2017-Q4,3. La Rioja,89649,10094,541,1106,83863,2466,206692,43.373231668376135,4.883594914171812,0.2617421090317961,0.5350956979467033,40.573897393222765,1.1930795579896658
2018-Q1,1. Resto país,9601671,1216597,65955,54601,9018888,217313,25047647,38.33362471133516,4.857130891376743,0.2633181472095962,0.21798854000138215,36.00692711774483,0.8675984614443025
2018-Q1,2. NOA-Resto,1085856,124263,6119,12237,1038831,13177,2444581,44.41890041688126,5.083202397466069,0.25030874411606735,0.5005765814264285,42.495257878548514,0.5390289787902303
2018-Q1,3. La Rioja,84056,11489,734,0,76940,1241,207754,40.45938947023884,5.530098096787547,0.3533024634904743,0,37.03418466070449,0.5973410860922052
2018-Q2,1. Resto país,9616215,1046291,68578,46848,9130972,203851,25109796,38.29666716527685,4.166863800884722,0.27311253345108816,0.18657260297933126,36.364182329478105,0.8118385350482338
2018-Q2,2. NOA-Resto,1083491,150963,14810,26234,993480,26921,2450134,44.221703792527265,6.161418110193156,0.6044567358356727,1.0707169485424062,40.54798635503201,1.0987562312918395
2018-Q2,3. La Rioja,91225,10884,380,0,87625,260,208533,43.74607376290563,5.219317805814907,0.18222535521955757,0,42.01972829240456,0.12468050620285519
2018-Q3,1. Resto país,9653968,1143982,104829,34625,9104352,267419,25176061,38.34582383638171,4.543927662075493,0.41638364317595195,0.1375314430641076,36.162734114760845,1.0621955515598727
2018-Q3,2. NOA-Resto,1117466,144290,22596,31215,1037105,29295,2456164,45.496391934740515,5.874607721634223,0.9199711419921472,1.2708841917722107,42.22458272330349,1.1927135158727187
2018-Q3,3. La Rioja,89480,9448,274,1500,86381,1950,209291,42.75386901491225,4.514288717622832,0.13091819524012022,0.7167054483948188,41.27315555852856,0.9317170829132643
2018-Q4,1. Resto país,9364619,1223261,57217,18575,8841415,233320,25241988,37.09937188782437,4.846135732256904,0.22667390539921023,0.07358770632487426,35.02661913950676,0.9243329011962133
2018-Q4,2. NOA-Resto,1090005,134004,20108,22028,1026694,20682,2462008,44.27300804871471,5.442874271732667,0.8167317084266176,0.8947168327641503,41.70148919093683,0.8400460112233591
2018-Q4,3. La Rioja,78356,9096,147,1750,74321,2143,210314,37.2566733550786,4.324961723898552,0.06989548960126288,0.8320891619197961,35.33811348745209,1.0189526137109275
2019-Q1,1. Resto país,9765483,1166382,84778,31865,9225879,213625,25566322,38.19666747528252,4.562181451051113,0.33160029823609355,0.12463662156801435,36.086062750832916,0.8355718902390418
2019-Q1,2. NOA-Resto,1152036,154674,8710,12617,1076793,30093,2477341,46.502923901069735,6.243549030997348,0.35158664067643497,0.509296055730721,43.46567549642944,1.2147298252440824
2019-Q1,3. La Rioja,90516,6373,142,156,89024,3210,216968,41.71859444710741,2.937299509605103,0.06544743925371484,0.07190000368717968,41.03093543748387,1.4794808451015817
2019-Q2,1. Resto país,9652266,1144298,91868,44466,9177395,239494,25628706,37.66193267814614,4.464907436216249,0.35845742660593166,0.17350076121673874,35.80904552886907,0.93447558374582
2019-Q2,2. NOA-Resto,1160549,178902,15195,17057,1083348,28789,2483502,46.73034287872528,7.203618116675566,0.6118376389469387,0.6868124124723878,43.62178890937072,1.1592098576928869
2019-Q2,3. La Rioja,103283,8772,0,144,101686,1748,217984,47.3810004403993,4.024148561362302,0,0.06605989430416911,46.64837786259542,0.80189371697005285
2019-Q3,1. Resto país,9731225,1263314,76057,68757,9154179,312603,25280566,38.4929079515071,4.997174509463119,0.30085165023599547,0.2719757144677853,36.21034038557523,1.2365348149246342
2019-Q3,2. NOA-Resto,1115106,153806,17137,20882,1062532,17958,2489574,44.791036538781334,6.178004751013627,0.6883506977498961,0.8387780399377565,42.67926962604847,0.721328227238877
2019-Q3,3. La Rioja,102611,6996,0,0,102107,0,218988,46.8569054012092,3.194695599758891,0,0,46.626755803970994,0
2019-Q4,1. Resto país,9681375,1272973,35996,34075,9286194,230018,25753971,37.59177565277215,4.942822215649773,0.1397687370231177,0.13230969313431315,36.05732879018929,0.893136052688729
2019-Q4,2. NOA-Resto,1146041,171624,5940,19548,1080187,20137,2494933,45.93474053211048,6.8789021588956505,0.2380825457036321,0.7835080140428621,43.2952307737322,0.807115862429973
2019-Q4,3. La Rioja,92601,6915,0,0,92253,1060,219814,42.12698008316122,3.145841484163884,0,0,41.96866441627922,0.4822258818819547
2020-Q1,1. Resto país,9731436,1179224,63136,30476,9240325,225027,25815742,37.695743937942986,4.567848563097663,0.24456395636429898,0.11805200098451557,35.79337367099501,0.8716658231245107
2020-Q1,2. NOA-Resto,1122856,167935,4824,13409,1070513,25948,2500855,44.89888458147313,6.715103434625358,0.19289403024165735,0.536176627593363,42.80588038890699,1.0375651527177705
2020-Q1,3. La Rioja,96544,12404,420,0,93058,1238,220733,43.73790960119239,5.61945880316944,0.19027512877548894,0,42.15862603235583,0.5608585938667984
2020-Q2,1. Resto país,10767375,1198916,49357,56126,10292784,193306,25876437,41.61073257496772,4.633234475055434,0.19074109777941994,0.2169000314842418,39.77666631615473,0.74703484100226
2020-Q2,2. NOA-Resto,1166796,152108,14215,8225,1127432,27337,2506680,46.54746517305759,6.068106020712656,0.5670847495492045,0.32812325466353903,44.97710118563199,1.090566007627619
2020-Q2,3. La Rioja,104682,7795,175,0,103507,580,221660,47.22638274835334,3.5166471172065323,0.078949742849409,0,46.696291617793015,0.261662004872327
2020-Q3,1. Resto país,10971622,909526,35293,26029,10549614,205658,25771546,42.572618654697706,3.5291868015989416,0.13694560660039565,0.10099898547025468,40.935122790072434,0.798004124393624
2020-Q3,2. NOA-Resto,1194729,154921,11702,3361,1137027,30857,2512256,47.55602136088042,6.166608816935853,0.46579647933968515,0.13378413664849442,45.25920129158812,1.228258585112345
2020-Q3,3. La Rioja,106242,7012,0,0,105832,166,222686,47.70933062698149,3.1488283951393443,0,0,47.52521487655264,0.07454442578339007
2020-Q4,1. Resto país,10748378,1547905,52244,32880,10256127,152052,25998271,41.34266467181606,5.9538767020314545,0.20095182483481303,0.1264699487131279,39.44926568386028,0.5848542774248334
2020-Q4,2. NOA-Resto,1151301,172287,5584,1034,1109509,27819,2517904,45.724578856064404,6.842476917309,0.22177175936810936,0.04106590243313486,44.06478563122343,1.10484752397232
2020-Q4,3. La Rioja,99962,8741,0,0,95622,2152,223489,44.72792844390552,3.9111544639780926,0,0,42.78599841602942,0.9629109262648273
2021-Q1,1. Resto país,11237350,1168970,51364,34173,10773909,181569,26059100,43.122556036087204,4.485841798066702,0.1971058094868971,0.13113653196004466,41.34413314350841,0.6967585219750491
2021-Q1,2. NOA-Resto,1152409,161613,7510,2469,1105431,29052,2523775,45.66211330249329,6.403621558974155,0.29757010827034897,0.09782964012243563,43.800695386870856,1.1511327277590118
2021-Q1,3. La Rioja,99999,10215,0,0,94859,970,224486,44.54576231925376,4.55039512486302,0,0,42.256087239293315,0.43209821547891625
2021-Q2,1. Resto país,11187774,914198,43221,32923,10758938,188182,26117974,42.835535405617605,3.5002638412918246,0.1654837392823808,0.12605495357335142,41.19361631955067,0.7205076473389552
2021-Q2,2. NOA-Resto,1155416,146215,7078,2135,1112193,29247,2529111,45.68466943522843,5.781280457836766,0.2798611844240921,0.08441701451616793,43.9756499418175,1.156414249908367
2021-Q2,3. La Rioja,101420,9132,0,0,98072,0,225354,45.00474808523479,4.052291062062356,0,0,43.51908552765871,0
2021-Q3,1. Resto país,11014650,1184581,73434,16993,10649789,113479,26178493,42.0751874448999,4.5250160121898535,0.2805127094214323,0.06491206350189829,40.6814441152132,0.4334817898035612
2021-Q3,2. NOA-Resto,1150918,141190,8371,3182,1108587,25910,2534819,45.40434642473487,5.570022948384086,0.3302405418296139,0.12553164545476422,43.73436525448168,1.022163712675343
2021-Q3,3. La Rioja,97088,5831,980,0,94088,0,226249,42.912012870775115,2.577248960216399,0.4331510857506552,0,41.58604015929352,0
2021-Q4,1. Resto país,10714449,1265779,44799,20879,10453373,140058,26238762,40.83443037442087,4.824080495870956,0.17073595164284047,0.07957311400591233,39.83942916209233,0.5337828057588997
2021-Q4,2. NOA-Resto,1156993,155107,10406,12576,1108276,22074,2540458,45.54269348282869,6.105473894864627,0.409611180346221,0.49502884912877915,43.62504713716975,0.8688984427217454
2021-Q4,3. La Rioja,101720,5578,1056,0,98773,133,227148,44.78137601915931,2.455667670417525,0.46489513444978603,0,43.48398401042492,0.05855213341081585
2022-Q1,1. Resto país,10914126,1235088,72513,35788,10581036,218228,26299032,41.50010540311902,4.696324944583512,0.27572497725391565,0.13608105423804193,40.23355688528764,0.8297948000519563
2022-Q1,2. NOA-Resto,1170617,165359,11548,9709,1113915,33231,2546124,45.976433198068904,6.494538364981437,0.45355214435746255,0.38132471160084896,43.749440325765754,1.3051603142659196
2022-Q1,3. La Rioja,101129,5316,346,0,99775,3994,228059,44.34334974721454,2.3309757562735958,0.1517151263488834,0,43.74964373254289,1.751301198374105
2022-Q2,1. Resto país,10959638,938454,90930,34563,10598085,172892,26356827,41.581780690065614,3.5605727502783244,0.3449960042610592,0.1311349048199163,40.21001845176584,0.6559666685219735
2022-Q2,2. NOA-Resto,1116909,118442,7716,2643,1064344,14838,2551496,43.77467180038691,4.642060971289,0.30241082094582944,0.10358628820111809,41.714507880866755,0.581541182114336
2022-Q2,3. La Rioja,105355,9939,475,1146,99293,0,228889,46.02886115103828,4.342279445495415,0.2075241711047713,0.5006793686022483,43.3804158347496,0
2022-Q3,1. Resto país,10839856,1075319,66605,37281,10528905,159006,26416766,41.03400090684832,4.070592895436179,0.25213154403532967,0.14112628320968587,39.85690375574361,0.6019131940677371
2022-Q3,2. NOA-Resto,1126929,103447,8448,14224,1087058,23942,2557179,44.06922628412012,4.045356230439872,0.3303640456925385,0.5562379481452021,42.51004720436074,0.9362660963507052
2022-Q3,3. La Rioja,108718,10087,852,957,102446,610,229865,47.29645661583973,4.3882278728819095,0.3706523394166141,0.41633132490809827,44.56789854914842,0.26537315380766974
2022-Q4,1. Resto país,10654051,1096826,49848,49772,10261806,159354,26475909,40.240548492593774,4.142732172104082,0.18827682177031202,0.1879897683588503,38.7590318428727,0.6018830175009289
2022-Q4,2. NOA-Resto,1171943,133650,9324,24565,1129352,17049,2562725,45.73034562818874,5.215151840326215,0.3638314684564282,0.95854998097728,44.068403749914644,0.6652684154562039
2022-Q4,3. La Rioja,103512,9888,1374,0,101334,127,230687,44.87118910038277,4.286327361316416,0.595612236493604,0,43.927052673102516,0.055052950534707205
2023-Q1,1. Resto país,10724346,1100825,44482,108589,10341484,121372,26535131,40.415651236091506,4.148556869758811,0.16763437120397107,0.40922729946198494,38.97280175477558,0.45740117130003993
2023-Q1,2. NOA-Resto,1139572,138054,11740,11502,1094930,26338,2568380,44.369291148506065,5.375139192798573,0.45709747000054507,0.4478309284451678,42.631152711047434,1.025471308762722
2023-Q1,3. La Rioja,107197,4796,404,0,104499,378,231644,46.27661411476231,2.070418400649272,0.17440555334910468,0,45.111895840168536,0.16318143357911277
2023-Q2,1. Resto país,11091405,1068208,108688,94158,10683712,182284,26592646,41.708542278944336,4.016930094132039,0.4087144994898213,0.35407533345873143,40.175437976348796,0.6854677041163937
2023-Q2,2. NOA-Resto,1131799,113931,9348,2478,1094175,17652,2573716,43.97528709461339,4.4267121935753595,0.3632102376485984,0.09628101935100843,42.51343194043166,0.6858565591541569
2023-Q2,3. La Rioja,102071,5658,97,1128,99440,1644,232491,43.903204855241704,2.433642592616488,0.04172204515443609,0.4851800714866382,42.77154814594974,0.7071241467411641
2023-Q3,1. Resto país,11134884,1114866,62029,29313,10809203,154478,26651235,41.779992559444246,4.183168247175037,0.23274343571695644,0.1099873983325726,40.55798164700435,0.5796279234339422
2023-Q3,2. NOA-Resto,1186553,109529,6648,15010,1144049,22501,2579179,46.00506595315797,4.246661437612512,0.25775644110005547,0.5819681379229592,44.35709968172043,0.8724093984946373
2023-Q3,3. La Rioja,99405,6911,208,1140,96098,143,233405,42.589061930978346,2.9609477089179754,0.08911548595788436,0.48842141342302003,41.172211392215246,0.0612668965960455
2023-Q4,1. Resto país,10941797,1080447,35248,43903,10672617,124921,26709576,40.96582064799531,4.045167171504333,0.1319676508530124,0.16437175940194632,39.958017304355565,0.46770117204406386
2023-Q4,2. NOA-Resto,1186495,133979,11553,13503,1135088,13433,2584731,45.90400316319184,5.183479441380941,0.4469710774544817,0.5224141312964482,43.9151308201898,0.5197059191072494
2023-Q4,3. La Rioja,105082,6572,198,0,102073,590,234303,44.84876420703107,2.804915003222323,0.08450596023098296,0,43.56452969018749,0.25181068957717145
2024-Q1,1. Resto país,10965448,1009552,34537,61633,10691977,119132,26767867,40.964967436516325,3.7715070834743765,0.12902410192041075,0.23024994856706366,39.943328319735,0.4450560068906499
2024-Q1,2. NOA-Resto,1196082,123529,12831,3468,1141826,16453,2590164,46.17784819802916,4.769157474198545,0.49537403809179653,0.13389113585085732,44.0831545801733,0.6352107434123863
2024-Q1,3. La Rioja,98796,6167,0,0,98578,218,235183,42.00813834333264,2.622213340249933,0,0,41.915444568697566,0.09269377463507142
2024-Q2,1. Resto país,10909957,973690,44572,40365,10584065,169447,26824832,40.67111026082102,3.62980838053338,0.16615947492234062,0.15047624529391274,39.45622101193402,0.6316796317680573
2024-Q2,2. NOA-Resto,1162413,102195,9300,4306,1132598,16439,2595440,44.78674136177296,3.937482661899331,0.3583207471565515,0.16590635884474308,43.63799586967913,0.6333800819899515
2024-Q2,3. La Rioja,99889,4139,0,0,99889,0,236070,42.31329690346084,1.7532935146354895,0,0,42.31329690346084,0
2024-Q3,1. Resto país,11144792,1108540,71998,74993,10879760,105810,26882224,41.45784961839467,4.1236915517109,0.2678275428402055,0.2789687341344972,40.47194904707289,0.3936058266607703
2024-Q3,2. NOA-Resto,1203297,122658,7207,5996,1158552,15599,2600990,46.26303830464554,4.715819745558422,0.2770868015640198,0.23052760679587386,44.54273180596619,0.5997331785204865
2024-Q3,3. La Rioja,100739,9200,214,0,97767,0,236931,42.51828591446455,3.8829870299791924,0.09032165482777686,0,41.263912278258225,0
2024-Q4,1. Resto país,11204408,1107552,28460,51554,10866491,131323,26939516,41.59097735831631,4.111254263068424,0.10564406576569527,0.1913694366298192,40.336622974221214,0.48747349432706955
2024-Q4,2. NOA-Resto,1201109,134316,11872,4521,1150409,28072,2606262,46.085504834126425,5.153587782041867,0.4555182863426624,0.17346682720309778,44.140190049964275,1.077098158205123
2024-Q4,3. La Rioja,102586,10614,200,0,99668,0,237795,43.14052019596711,4.463508484198575,0.08410605773880864,0,41.9134128135579,0
2025-Q1,1. Resto país,11214150,868804,26111,19575,10947080,150152,26996713,41.538945870928806,3.2181843767424576,0.09671918207227673,0.07250882727834311,40.549677288490635,0.5561862290420319
2025-Q1,2. NOA-Resto,1177734,114408,10704,4609,1123790,25608,2611789,45.092999472775176,4.380445740448406,0.4098340256429597,0.17646907924032149,43.027595261332365,0.9804773662803542
2025-Q1,3. La Rioja,101216,7259,0,0,100879,337,238676,42.4072801622283,3.041361511002363,0,0,42.26608456652533,0.14119559570296134
2025-Q2,1. Resto país,11158520,935725,19502,15320,10919309,136741,27052274,41.247992682611454,3.4589513620925176,0.07209005793745843,0.05663109873868644,40.36373799851354,0.505469521711927
2025-Q2,2. NOA-Resto,1181712,105430,7977,4240,1128046,36588,2617068,45.1540426156294,4.028554091831011,0.30480675320625983,0.16201336763125757,43.1034271940966,1.398053088418031
2025-Q2,3. La Rioja,99779,6017,199,0,99580,0,239527,41.656681710203856,2.5120341339389713,0.08308040429680162,0,41.57360130590706,0
2025-Q3,1. Resto país,11249307,1005453,16208,43025,11006204,124755,27107723,41.49853161772385,3.709101646051201,0.05979107872690007,0.15871860576412117,40.60172814957568,0.4602193994678196
2025-Q3,2. NOA-Resto,1184015,93956,6759,6707,1142763,32154,2622347,45.15096590954592,3.5828973053528,0.2577462097884071,0.25576325329942984,43.57787127332882,1.2261535182033498
2025-Q3,3. La Rioja,97614,10555,195,0,94848,0,240386,40.60719010258501,4.390854708676878,0.08111953275149135,0,39.45654073032539,0
2025-Q4,1. Resto país,11539929,899246,23301,53219,11250874,151398,27163889,42.48260990905978,3.3104464533778653,0.08577932268829401,0.19591819124279297,41.4184949732345,0.557350238031086
2025-Q4,2. NOA-Resto,1181161,111494,11868,5803,1150225,15739,2627639,44.95141836454703,4.243124721470491,0.45166021664315376,0.22084464418437996,43.774087688605626,0.5989787790484157
2025-Q4,3. La Rioja,102843,11642,0,0,99174,0,241217,42.63505474323949,4.826359667850939,0,0,41.11401766873811,0
